NamePoke,OwnedBy,Favorited,PointValue,Score,Diff,Kills,Death,Wins,GamesPlayed,HistDiff,HistKills,HistDeath,HistWins,HistGP,TimesDrafted
Abomasnow,NULL,NULL,10,NULL,NULL,NULL,NULL,NULL,NULL,1,12,11,5,12,2
Absol,NULL,NULL,2,NULL,NULL,NULL,NULL,NULL,NULL,NULL,NULL,NULL,NULL,NULL,NULL
Accelgor,NULL,NULL,6,NULL,NULL,NULL,NULL,NULL,NULL,2,4,2,2,4,1
Aegislash,NULL,NULL,10,NULL,NULL,NULL,NULL,NULL,NULL,0,0,0,0,0,1
Aerodactyl,NULL,NULL,6,NULL,NULL,NULL,NULL,NULL,NULL,11,14,3,4,5,1
Aggron,NULL,NULL,3,NULL,NULL,NULL,NULL,NULL,NULL,4,9,5,7,13,2
Alakazam,NULL,NULL,9,NULL,NULL,NULL,NULL,NULL,NULL,0,12,12,3,13,1
Alcremie,NULL,NULL,7,NULL,NULL,NULL,NULL,NULL,NULL,-6,0,6,2,6,2
Alomomola,NULL,NULL,6,NULL,NULL,NULL,NULL,NULL,NULL,NULL,NULL,NULL,NULL,NULL,NULL
Altaria,NULL,NULL,2,NULL,NULL,NULL,NULL,NULL,NULL,-2,0,2,0,2,1
Ambipom,NULL,NULL,9,NULL,NULL,NULL,NULL,NULL,NULL,-2,17,19,10,23,2
Amoonguss,NULL,NULL,18,NULL,NULL,NULL,NULL,NULL,NULL,0,3,3,4,6,2
Ampharos,NULL,NULL,2,NULL,NULL,NULL,NULL,NULL,NULL,-7,6,13,3,13,2
Annihilape,NULL,NULL,11,NULL,NULL,NULL,NULL,NULL,NULL,-3,1,4,2,4,1
Appletun,NULL,NULL,3,NULL,NULL,NULL,NULL,NULL,NULL,NULL,NULL,NULL,NULL,NULL,NULL
Araquanid,NULL,NULL,10,NULL,NULL,NULL,NULL,NULL,NULL,-1,6,7,6,11,2
Arbok,NULL,NULL,1,NULL,NULL,NULL,NULL,NULL,NULL,NULL,NULL,NULL,NULL,NULL,NULL
Arboliva,NULL,NULL,10,NULL,NULL,NULL,NULL,NULL,NULL,1,7,6,3,9,2
Arcanine,NULL,NULL,15,NULL,NULL,NULL,NULL,NULL,NULL,-5,5,10,3,11,1
Arcanine-Hisui,NULL,NULL,16,NULL,NULL,NULL,NULL,NULL,NULL,NULL,NULL,NULL,NULL,NULL,NULL
Archaludon,NULL,NULL,18,NULL,NULL,NULL,NULL,NULL,NULL,NULL,NULL,NULL,NULL,NULL,NULL
Archeops,NULL,NULL,5,NULL,NULL,NULL,NULL,NULL,NULL,NULL,NULL,NULL,NULL,NULL,NULL
Arctovish,NULL,NULL,7,NULL,NULL,NULL,NULL,NULL,NULL,NULL,NULL,NULL,NULL,NULL,NULL
Arctozolt,NULL,NULL,12,NULL,NULL,NULL,NULL,NULL,NULL,-2,9,11,6,14,1
Ariados,NULL,NULL,1,NULL,NULL,NULL,NULL,NULL,NULL,NULL,NULL,NULL,NULL,NULL,NULL
Armaldo,NULL,NULL,2,NULL,NULL,NULL,NULL,NULL,NULL,NULL,NULL,NULL,NULL,NULL,NULL
Armarouge,NULL,NULL,13,NULL,NULL,NULL,NULL,NULL,NULL,-3,9,12,10,19,3
Aromatisse,NULL,NULL,10,NULL,NULL,NULL,NULL,NULL,NULL,1,5,4,5,7,1
Articuno,NULL,NULL,2,NULL,NULL,NULL,NULL,NULL,NULL,-4,7,11,5,12,2
Articuno-Galar,NULL,NULL,8,NULL,NULL,NULL,NULL,NULL,NULL,NULL,NULL,NULL,NULL,NULL,NULL
Audino,NULL,NULL,5,NULL,NULL,NULL,NULL,NULL,NULL,0,0,0,2,2,2
Aurorus,NULL,NULL,5,NULL,NULL,NULL,NULL,NULL,NULL,NULL,NULL,NULL,NULL,NULL,NULL
avalugg,NULL,NULL,2,NULL,NULL,NULL,NULL,NULL,NULL,-1,1,2,0,0,1
Avalugg-Hisui,NULL,NULL,1,NULL,NULL,NULL,NULL,NULL,NULL,0,4,4,5,7,2
Azelf,NULL,NULL,11,NULL,NULL,NULL,NULL,NULL,NULL,NULL,NULL,NULL,NULL,NULL,NULL
Azumarill,NULL,NULL,14,NULL,NULL,NULL,NULL,NULL,NULL,5,10,5,6,9,1
Banette,NULL,NULL,0,NULL,NULL,NULL,NULL,NULL,NULL,-3,1,4,0,4,1
Barbaracle,NULL,NULL,2,NULL,NULL,NULL,NULL,NULL,NULL,NULL,NULL,NULL,NULL,NULL,NULL
Barraskewda,NULL,NULL,12,NULL,NULL,NULL,NULL,NULL,NULL,NULL,NULL,NULL,NULL,NULL,NULL
Basculegion-F,NULL,NULL,16,NULL,NULL,NULL,NULL,NULL,NULL,NULL,NULL,NULL,NULL,NULL,NULL
Basculegion-M,NULL,NULL,17,NULL,NULL,NULL,NULL,NULL,NULL,NULL,NULL,NULL,NULL,NULL,NULL
Basculin,NULL,NULL,3,NULL,NULL,NULL,NULL,NULL,NULL,NULL,NULL,NULL,NULL,NULL,NULL
Basculin-White Striped,NULL,NULL,3,NULL,NULL,NULL,NULL,NULL,NULL,NULL,NULL,NULL,NULL,NULL,NULL
Baxcalibur,NULL,NULL,14,NULL,NULL,NULL,NULL,NULL,NULL,NULL,NULL,NULL,NULL,NULL,NULL
Beartic,NULL,NULL,3,NULL,NULL,NULL,NULL,NULL,NULL,3,11,8,4,12,3
Beedrill,NULL,NULL,0,NULL,NULL,NULL,NULL,NULL,NULL,1,10,9,8,16,2
Beheeyem,NULL,NULL,4,NULL,NULL,NULL,NULL,NULL,NULL,NULL,NULL,NULL,NULL,NULL,NULL
Bellibolt,NULL,NULL,2,NULL,NULL,NULL,NULL,NULL,NULL,1,4,3,1,4,2
Bellossom,NULL,NULL,4,NULL,NULL,NULL,NULL,NULL,NULL,-1,0,1,2,2,1
Bewear,NULL,NULL,6,NULL,NULL,NULL,NULL,NULL,NULL,-2,0,2,0,2,1
Bibarel,NULL,NULL,1,NULL,NULL,NULL,NULL,NULL,NULL,NULL,NULL,NULL,NULL,NULL,NULL
Binacle,NULL,NULL,0,NULL,NULL,NULL,NULL,NULL,NULL,0,0,0,0,0,1
Bisharp,NULL,NULL,12,NULL,NULL,NULL,NULL,NULL,NULL,NULL,NULL,NULL,NULL,NULL,NULL
Blacephalon,NULL,NULL,13,NULL,NULL,NULL,NULL,NULL,NULL,NULL,NULL,NULL,NULL,NULL,NULL
Blastoise,NULL,NULL,19,NULL,NULL,NULL,NULL,NULL,NULL,1,5,4,3,5,1
Blaziken,NULL,NULL,12,NULL,NULL,NULL,NULL,NULL,NULL,2,9,7,9,17,3
Blissey,NULL,NULL,3,NULL,NULL,NULL,NULL,NULL,NULL,NULL,NULL,NULL,NULL,NULL,NULL
Boltund,NULL,NULL,2,NULL,NULL,NULL,NULL,NULL,NULL,NULL,NULL,NULL,NULL,NULL,NULL
Bombirdier,NULL,NULL,3,NULL,NULL,NULL,NULL,NULL,NULL,-2,2,4,1,4,1
Bouffalant,NULL,NULL,5,NULL,NULL,NULL,NULL,NULL,NULL,NULL,NULL,NULL,NULL,NULL,NULL
Brambleghast,NULL,NULL,4,NULL,NULL,NULL,NULL,NULL,NULL,3,6,3,4,6,2
Braviary,NULL,NULL,6,NULL,NULL,NULL,NULL,NULL,NULL,NULL,NULL,NULL,NULL,NULL,NULL
Braviary-Hisui,NULL,NULL,6,NULL,NULL,NULL,NULL,NULL,NULL,-1,3,4,2,4,1
Breloom,NULL,NULL,10,NULL,NULL,NULL,NULL,NULL,NULL,NULL,NULL,NULL,NULL,NULL,NULL
Bronzong,NULL,NULL,14,NULL,NULL,NULL,NULL,NULL,NULL,2,10,8,7,12,3
Brute Bonnet,NULL,NULL,11,NULL,NULL,NULL,NULL,NULL,NULL,-8,2,10,2,10,1
Bruxish,NULL,NULL,6,NULL,NULL,NULL,NULL,NULL,NULL,NULL,NULL,NULL,NULL,NULL,NULL
Bulbasaur,NULL,NULL,0,NULL,NULL,NULL,NULL,NULL,NULL,0,0,0,0,0,1
Butterfree,NULL,NULL,3,NULL,NULL,NULL,NULL,NULL,NULL,NULL,NULL,NULL,NULL,NULL,NULL
Buzzwole,NULL,NULL,9,NULL,NULL,NULL,NULL,NULL,NULL,NULL,NULL,NULL,NULL,NULL,NULL
Cacturne,NULL,NULL,1,NULL,NULL,NULL,NULL,NULL,NULL,NULL,NULL,NULL,NULL,NULL,NULL
Calyrex,NULL,NULL,1,NULL,NULL,NULL,NULL,NULL,NULL,0,0,0,0,0,1
camerupt,NULL,NULL,2,NULL,NULL,NULL,NULL,NULL,NULL,9,17,8,5,10,2
Carbink,NULL,NULL,4,NULL,NULL,NULL,NULL,NULL,NULL,NULL,NULL,NULL,NULL,NULL,NULL
Carracosta,NULL,NULL,3,NULL,NULL,NULL,NULL,NULL,NULL,NULL,NULL,NULL,NULL,NULL,NULL
Celebi,NULL,NULL,8,NULL,NULL,NULL,NULL,NULL,NULL,0,0,0,0,0,1
Celesteela,NULL,NULL,15,NULL,NULL,NULL,NULL,NULL,NULL,-1,0,1,4,4,2
Centiskorch,NULL,NULL,1,NULL,NULL,NULL,NULL,NULL,NULL,-5,1,6,0,6,1
Ceruledge,NULL,NULL,10,NULL,NULL,NULL,NULL,NULL,NULL,5,12,7,16,22,3
Cetitan,NULL,NULL,9,NULL,NULL,NULL,NULL,NULL,NULL,18,23,5,4,7,2
Chandelure,NULL,NULL,10,NULL,NULL,NULL,NULL,NULL,NULL,0,0,0,0,0,1
Chansey,NULL,NULL,4,NULL,NULL,NULL,NULL,NULL,NULL,-3,4,7,8,12,1
Charcadet,NULL,NULL,0,NULL,NULL,NULL,NULL,NULL,NULL,0,0,0,0,0,1
Charizard,NULL,NULL,8,NULL,NULL,NULL,NULL,NULL,NULL,-3,23,26,11,28,4
Charjabug,NULL,NULL,3,NULL,NULL,NULL,NULL,NULL,NULL,0,6,6,10,15,1
Chatot,NULL,NULL,4,NULL,NULL,NULL,NULL,NULL,NULL,NULL,NULL,NULL,NULL,NULL,NULL
Cherrim,NULL,NULL,2,NULL,NULL,NULL,NULL,NULL,NULL,NULL,NULL,NULL,NULL,NULL,NULL
Chesnaught,NULL,NULL,2,NULL,NULL,NULL,NULL,NULL,NULL,0,2,2,0,2,1
Chi-Yu,NULL,NULL,20,NULL,NULL,NULL,NULL,NULL,NULL,-2,1,3,0,4,2
Chien-Pao,NULL,NULL,20,NULL,NULL,NULL,NULL,NULL,NULL,-6,6,12,2,11,3
Chimecho,NULL,NULL,0,NULL,NULL,NULL,NULL,NULL,NULL,0,0,0,0,0,1
Chingling,NULL,NULL,0,NULL,NULL,NULL,NULL,NULL,NULL,0,0,0,0,0,1
Cinccino,NULL,NULL,6,NULL,NULL,NULL,NULL,NULL,NULL,NULL,NULL,NULL,NULL,NULL,NULL
Cinderace,NULL,NULL,12,NULL,NULL,NULL,NULL,NULL,NULL,-4,12,16,12,19,2
Clawitzer,NULL,NULL,2,NULL,NULL,NULL,NULL,NULL,NULL,NULL,NULL,NULL,NULL,NULL,NULL
Claydol,NULL,NULL,1,NULL,NULL,NULL,NULL,NULL,NULL,NULL,NULL,NULL,NULL,NULL,NULL
Clefable,NULL,NULL,11,NULL,NULL,NULL,NULL,NULL,NULL,-3,1,4,4,7,1
Clefairy,NULL,NULL,11,NULL,NULL,NULL,NULL,NULL,NULL,-9,1,10,11,21,3
Clodsire,NULL,NULL,2,NULL,NULL,NULL,NULL,NULL,NULL,1,1,0,0,0,1
Cloyster,NULL,NULL,2,NULL,NULL,NULL,NULL,NULL,NULL,NULL,NULL,NULL,NULL,NULL,NULL
Coalossal,NULL,NULL,1,NULL,NULL,NULL,NULL,NULL,NULL,18,26,8,8,13,1
cobalion,NULL,NULL,8,NULL,NULL,NULL,NULL,NULL,NULL,6,6,0,2,2,1
Cofagrigus,NULL,NULL,8,NULL,NULL,NULL,NULL,NULL,NULL,NULL,NULL,NULL,NULL,NULL,NULL
Comfey,NULL,NULL,10,NULL,NULL,NULL,NULL,NULL,NULL,-1,0,1,2,2,1
Conkeldurr,NULL,NULL,11,NULL,NULL,NULL,NULL,NULL,NULL,NULL,NULL,NULL,NULL,NULL,NULL
Copperajah,NULL,NULL,6,NULL,NULL,NULL,NULL,NULL,NULL,NULL,NULL,NULL,NULL,NULL,NULL
Corsola-Galar,NULL,NULL,1,NULL,NULL,NULL,NULL,NULL,NULL,1,3,2,2,2,1
Corviknight,NULL,NULL,10,NULL,NULL,NULL,NULL,NULL,NULL,7,18,11,8,16,3
Cosmoem,NULL,NULL,0,NULL,NULL,NULL,NULL,NULL,NULL,0,0,0,0,0,1
Cottonee,NULL,NULL,5,NULL,NULL,NULL,NULL,NULL,NULL,NULL,NULL,NULL,NULL,NULL,NULL
Crabominable,NULL,NULL,3,NULL,NULL,NULL,NULL,NULL,NULL,NULL,NULL,NULL,NULL,NULL,NULL
Cradily,NULL,NULL,7,NULL,NULL,NULL,NULL,NULL,NULL,NULL,NULL,NULL,NULL,NULL,NULL
Crawdaunt,NULL,NULL,6,NULL,NULL,NULL,NULL,NULL,NULL,5,10,5,5,9,2
Cresselia,NULL,NULL,17,NULL,NULL,NULL,NULL,NULL,NULL,-4,1,5,0,3,1
Crobat,NULL,NULL,11,NULL,NULL,NULL,NULL,NULL,NULL,NULL,NULL,NULL,NULL,NULL,NULL
Crustle,NULL,NULL,2,NULL,NULL,NULL,NULL,NULL,NULL,NULL,NULL,NULL,NULL,NULL,NULL
Cryogonal,NULL,NULL,2,NULL,NULL,NULL,NULL,NULL,NULL,NULL,NULL,NULL,NULL,NULL,NULL
Cubchoo,NULL,NULL,0,NULL,NULL,NULL,NULL,NULL,NULL,0,2,2,0,2,1
Cursola,NULL,NULL,3,NULL,NULL,NULL,NULL,NULL,NULL,NULL,NULL,NULL,NULL,NULL,NULL
Cyclizar,NULL,NULL,10,NULL,NULL,NULL,NULL,NULL,NULL,NULL,NULL,NULL,NULL,NULL,NULL
Dachsbun,NULL,NULL,3,NULL,NULL,NULL,NULL,NULL,NULL,-4,2,6,6,10,3
Darkrai,NULL,NULL,15,NULL,NULL,NULL,NULL,NULL,NULL,NULL,NULL,NULL,NULL,NULL,NULL
Darmanitan,NULL,NULL,10,NULL,NULL,NULL,NULL,NULL,NULL,NULL,NULL,NULL,NULL,NULL,NULL
Darmanitan-Galar,NULL,NULL,12,NULL,NULL,NULL,NULL,NULL,NULL,22,26,4,19,20,2
Decidueye,NULL,NULL,6,NULL,NULL,NULL,NULL,NULL,NULL,0,3,3,4,6,1
Decidueye-Hisui,NULL,NULL,6,NULL,NULL,NULL,NULL,NULL,NULL,3,3,0,6,6,1
Dedenne,NULL,NULL,1,NULL,NULL,NULL,NULL,NULL,NULL,NULL,NULL,NULL,NULL,NULL,NULL
Delcatty,NULL,NULL,0,NULL,NULL,NULL,NULL,NULL,NULL,-4,0,4,0,4,1
delphox,NULL,NULL,7,NULL,NULL,NULL,NULL,NULL,NULL,1,3,2,3,6,1
Deoxys,NULL,NULL,14,NULL,NULL,NULL,NULL,NULL,NULL,-4,3,7,4,11,2
Dewgong,NULL,NULL,3,NULL,NULL,NULL,NULL,NULL,NULL,NULL,NULL,NULL,NULL,NULL,NULL
Dhelmise,NULL,NULL,6,NULL,NULL,NULL,NULL,NULL,NULL,NULL,NULL,NULL,NULL,NULL,NULL
Diancie,NULL,NULL,17,NULL,NULL,NULL,NULL,NULL,NULL,6,9,3,6,6,1
Diggersby,NULL,NULL,8,NULL,NULL,NULL,NULL,NULL,NULL,NULL,NULL,NULL,NULL,NULL,NULL
Dipplin,NULL,NULL,4,NULL,NULL,NULL,NULL,NULL,NULL,-2,1,3,2,4,1
Ditto,NULL,NULL,5,NULL,NULL,NULL,NULL,NULL,NULL,-3,3,6,5,12,2
Dodrio,NULL,NULL,2,NULL,NULL,NULL,NULL,NULL,NULL,6,7,1,2,2,1
Dolliv,NULL,NULL,0,NULL,NULL,NULL,NULL,NULL,NULL,0,0,0,0,0,2
Dondozo,NULL,NULL,3,NULL,NULL,NULL,NULL,NULL,NULL,0,5,5,2,5,1
Donphan,NULL,NULL,2,NULL,NULL,NULL,NULL,NULL,NULL,NULL,NULL,NULL,NULL,NULL,NULL
Dottler,NULL,NULL,0,NULL,NULL,NULL,NULL,NULL,NULL,-6,0,6,3,9,1
Doublade,NULL,NULL,2,NULL,NULL,NULL,NULL,NULL,NULL,NULL,NULL,NULL,NULL,NULL,NULL
Dracovish,NULL,NULL,17,NULL,NULL,NULL,NULL,NULL,NULL,18,32,14,13,25,2
Dracozolt,NULL,NULL,15,NULL,NULL,NULL,NULL,NULL,NULL,NULL,NULL,NULL,NULL,NULL,NULL
Dragalge,NULL,NULL,10,NULL,NULL,NULL,NULL,NULL,NULL,2,2,0,2,2,1
Dragapult,NULL,NULL,15,NULL,NULL,NULL,NULL,NULL,NULL,-1,14,15,7,19,2
Dragonair,NULL,NULL,0,NULL,NULL,NULL,NULL,NULL,NULL,0,0,0,0,0,1
Dragonite,NULL,NULL,11,NULL,NULL,NULL,NULL,NULL,NULL,NULL,NULL,NULL,NULL,NULL,NULL
Drampa,NULL,NULL,7,NULL,NULL,NULL,NULL,NULL,NULL,0,2,2,2,4,1
Drapion,NULL,NULL,2,NULL,NULL,NULL,NULL,NULL,NULL,NULL,NULL,NULL,NULL,NULL,NULL
Drednaw,NULL,NULL,8,NULL,NULL,NULL,NULL,NULL,NULL,NULL,NULL,NULL,NULL,NULL,NULL
Drifblim,NULL,NULL,8,NULL,NULL,NULL,NULL,NULL,NULL,7,11,4,5,8,2
Druddigon,NULL,NULL,5,NULL,NULL,NULL,NULL,NULL,NULL,NULL,NULL,NULL,NULL,NULL,NULL
Dubwool,NULL,NULL,2,NULL,NULL,NULL,NULL,NULL,NULL,NULL,NULL,NULL,NULL,NULL,NULL
Dudunsparce,NULL,NULL,7,NULL,NULL,NULL,NULL,NULL,NULL,NULL,NULL,NULL,NULL,NULL,NULL
Dugtrio,NULL,NULL,4,NULL,NULL,NULL,NULL,NULL,NULL,NULL,NULL,NULL,NULL,NULL,NULL
Dugtrio-Alola,NULL,NULL,3,NULL,NULL,NULL,NULL,NULL,NULL,NULL,NULL,NULL,NULL,NULL,NULL
Dunsparce,NULL,NULL,3,NULL,NULL,NULL,NULL,NULL,NULL,-3,1,4,2,4,1
Duraludon,NULL,NULL,7,NULL,NULL,NULL,NULL,NULL,NULL,0,0,0,0,0,1
Durant,NULL,NULL,3,NULL,NULL,NULL,NULL,NULL,NULL,NULL,NULL,NULL,NULL,NULL,NULL
Dusclops,NULL,NULL,12,NULL,NULL,NULL,NULL,NULL,NULL,2,5,3,4,5,1
Dusknoir,NULL,NULL,6,NULL,NULL,NULL,NULL,NULL,NULL,0,0,0,0,0,2
Eelektross,NULL,NULL,3,NULL,NULL,NULL,NULL,NULL,NULL,NULL,NULL,NULL,NULL,NULL,NULL
Eevee,NULL,NULL,0,NULL,NULL,NULL,NULL,NULL,NULL,0,0,0,0,0,1
Eiscue,NULL,NULL,1,NULL,NULL,NULL,NULL,NULL,NULL,-3,7,10,3,10,1
Eldegoss,NULL,NULL,1,NULL,NULL,NULL,NULL,NULL,NULL,-1,0,1,2,2,1
Electabuzz,NULL,NULL,5,NULL,NULL,NULL,NULL,NULL,NULL,-6,0,6,0,6,1
Electivire,NULL,NULL,4,NULL,NULL,NULL,NULL,NULL,NULL,NULL,NULL,NULL,NULL,NULL,NULL
Electrode,NULL,NULL,3,NULL,NULL,NULL,NULL,NULL,NULL,NULL,NULL,NULL,NULL,NULL,NULL
Electrode-Hisui,NULL,NULL,3,NULL,NULL,NULL,NULL,NULL,NULL,NULL,NULL,NULL,NULL,NULL,NULL
Emboar,NULL,NULL,6,NULL,NULL,NULL,NULL,NULL,NULL,NULL,NULL,NULL,NULL,NULL,NULL
Emolga,NULL,NULL,1,NULL,NULL,NULL,NULL,NULL,NULL,NULL,NULL,NULL,NULL,NULL,NULL
Empoleon,NULL,NULL,12,NULL,NULL,NULL,NULL,NULL,NULL,NULL,NULL,NULL,NULL,NULL,NULL
Enamorus,NULL,NULL,17,NULL,NULL,NULL,NULL,NULL,NULL,NULL,NULL,NULL,NULL,NULL,NULL
Entei,NULL,NULL,15,NULL,NULL,NULL,NULL,NULL,NULL,NULL,NULL,NULL,NULL,NULL,NULL
Escavalier,NULL,NULL,10,NULL,NULL,NULL,NULL,NULL,NULL,-4,1,5,1,5,1
Espathra,NULL,NULL,12,NULL,NULL,NULL,NULL,NULL,NULL,-3,1,4,2,2,1
Espeon,NULL,NULL,5,NULL,NULL,NULL,NULL,NULL,NULL,0,2,2,2,2,1
Espurr,NULL,NULL,0,NULL,NULL,NULL,NULL,NULL,NULL,0,0,0,0,0,1
Excadrill,NULL,NULL,15,NULL,NULL,NULL,NULL,NULL,NULL,5,13,8,7,12,2
Exeggutor,NULL,NULL,4,NULL,NULL,NULL,NULL,NULL,NULL,NULL,NULL,NULL,NULL,NULL,NULL
Exeggutor-Alola,NULL,NULL,4,NULL,NULL,NULL,NULL,NULL,NULL,NULL,NULL,NULL,NULL,NULL,NULL
Exploud,NULL,NULL,3,NULL,NULL,NULL,NULL,NULL,NULL,NULL,NULL,NULL,NULL,NULL,NULL
Falinks,NULL,NULL,2,NULL,NULL,NULL,NULL,NULL,NULL,NULL,NULL,NULL,NULL,NULL,NULL
Farigiraf,NULL,NULL,15,NULL,NULL,NULL,NULL,NULL,NULL,-8,10,18,7,21,5
Fearow,NULL,NULL,1,NULL,NULL,NULL,NULL,NULL,NULL,NULL,NULL,NULL,NULL,NULL,NULL
Feraligatr,NULL,NULL,8,NULL,NULL,NULL,NULL,NULL,NULL,NULL,NULL,NULL,NULL,NULL,NULL
Ferrothorn,NULL,NULL,10,NULL,NULL,NULL,NULL,NULL,NULL,NULL,NULL,NULL,NULL,NULL,NULL
Fezandipiti,NULL,NULL,8,NULL,NULL,NULL,NULL,NULL,NULL,2,3,1,2,2,1
Flamigo,NULL,NULL,8,NULL,NULL,NULL,NULL,NULL,NULL,9,13,4,4,7,1
Flapple,NULL,NULL,2,NULL,NULL,NULL,NULL,NULL,NULL,NULL,NULL,NULL,NULL,NULL,NULL
Flareon,NULL,NULL,1,NULL,NULL,NULL,NULL,NULL,NULL,NULL,NULL,NULL,NULL,NULL,NULL
Floatzel,NULL,NULL,12,NULL,NULL,NULL,NULL,NULL,NULL,NULL,NULL,NULL,NULL,NULL,NULL
Floette-Eternal,NULL,NULL,50,NULL,NULL,NULL,NULL,NULL,NULL,5,12,7,6,9,1
Florges,NULL,NULL,6,NULL,NULL,NULL,NULL,NULL,NULL,NULL,NULL,NULL,NULL,NULL,NULL
Flutter Mane,NULL,NULL,50,NULL,NULL,NULL,NULL,NULL,NULL,8,13,5,5,9,2
Flygon,NULL,NULL,4,NULL,NULL,NULL,NULL,NULL,NULL,NULL,NULL,NULL,NULL,NULL,NULL
Foongus,NULL,NULL,3,NULL,NULL,NULL,NULL,NULL,NULL,NULL,NULL,NULL,NULL,NULL,NULL
Forretress,NULL,NULL,2,NULL,NULL,NULL,NULL,NULL,NULL,-2,0,2,0,2,1
Frigibax,NULL,NULL,0,NULL,NULL,NULL,NULL,NULL,NULL,0,0,0,0,0,1
Froslass,NULL,NULL,2,NULL,NULL,NULL,NULL,NULL,NULL,NULL,NULL,NULL,NULL,NULL,NULL
Frosmoth,NULL,NULL,2,NULL,NULL,NULL,NULL,NULL,NULL,-4,2,6,0,4,1
Furfrou,NULL,NULL,1,NULL,NULL,NULL,NULL,NULL,NULL,NULL,NULL,NULL,NULL,NULL,NULL
Furret,NULL,NULL,1,NULL,NULL,NULL,NULL,NULL,NULL,-4,0,4,2,8,1
Gallade,NULL,NULL,10,NULL,NULL,NULL,NULL,NULL,NULL,1,6,5,2,6,2
Galvantula,NULL,NULL,2,NULL,NULL,NULL,NULL,NULL,NULL,4,7,3,2,5,1
Garbodor,NULL,NULL,2,NULL,NULL,NULL,NULL,NULL,NULL,NULL,NULL,NULL,NULL,NULL,NULL
Garchomp,NULL,NULL,14,NULL,NULL,NULL,NULL,NULL,NULL,-5,14,19,4,22,3
Gardevoir,NULL,NULL,6,NULL,NULL,NULL,NULL,NULL,NULL,10,34,24,12,17,4
Garganacl,NULL,NULL,10,NULL,NULL,NULL,NULL,NULL,NULL,-9,5,14,10,21,3
Gastrodon,NULL,NULL,12,NULL,NULL,NULL,NULL,NULL,NULL,-5,9,14,7,20,3
Genesect,NULL,NULL,50,NULL,NULL,NULL,NULL,NULL,NULL,2,13,11,7,13,2
Gengar,NULL,NULL,9,NULL,NULL,NULL,NULL,NULL,NULL,-2,7,9,2,10,3
Gholdengo,NULL,NULL,17,NULL,NULL,NULL,NULL,NULL,NULL,NULL,NULL,NULL,NULL,NULL,NULL
Gigalith,NULL,NULL,12,NULL,NULL,NULL,NULL,NULL,NULL,NULL,NULL,NULL,NULL,NULL,NULL
Gimmighoul,NULL,NULL,0,NULL,NULL,NULL,NULL,NULL,NULL,-1,0,1,0,1,1
Girafarig,NULL,NULL,3,NULL,NULL,NULL,NULL,NULL,NULL,NULL,NULL,NULL,NULL,NULL,NULL
Giratina,NULL,NULL,50,NULL,NULL,NULL,NULL,NULL,NULL,-2,0,2,0,2,1
Glaceon,NULL,NULL,4,NULL,NULL,NULL,NULL,NULL,NULL,NULL,NULL,NULL,NULL,NULL,NULL
Glastrier,NULL,NULL,11,NULL,NULL,NULL,NULL,NULL,NULL,NULL,NULL,NULL,NULL,NULL,NULL
Gligar,NULL,NULL,3,NULL,NULL,NULL,NULL,NULL,NULL,0,0,0,0,0,1
Glimmora,NULL,NULL,15,NULL,NULL,NULL,NULL,NULL,NULL,NULL,NULL,NULL,NULL,NULL,NULL
Gliscor,NULL,NULL,7,NULL,NULL,NULL,NULL,NULL,NULL,-1,4,5,6,10,1
Gogoat,NULL,NULL,1,NULL,NULL,NULL,NULL,NULL,NULL,NULL,NULL,NULL,NULL,NULL,NULL
Golbat,NULL,NULL,6,NULL,NULL,NULL,NULL,NULL,NULL,NULL,NULL,NULL,NULL,NULL,NULL
Golduck,NULL,NULL,7,NULL,NULL,NULL,NULL,NULL,NULL,NULL,NULL,NULL,NULL,NULL,NULL
Golem,NULL,NULL,2,NULL,NULL,NULL,NULL,NULL,NULL,NULL,NULL,NULL,NULL,NULL,NULL
Golem-Alola,NULL,NULL,2,NULL,NULL,NULL,NULL,NULL,NULL,-5,0,5,1,5,1
Golisopod,NULL,NULL,2,NULL,NULL,NULL,NULL,NULL,NULL,-1,6,7,3,9,2
Golurk,NULL,NULL,5,NULL,NULL,NULL,NULL,NULL,NULL,1,9,8,6,9,1
Goodra,NULL,NULL,6,NULL,NULL,NULL,NULL,NULL,NULL,-3,7,10,4,12,2
Goodra-Hisui,NULL,NULL,7,NULL,NULL,NULL,NULL,NULL,NULL,0,3,3,2,5,1
Gorebyss,NULL,NULL,4,NULL,NULL,NULL,NULL,NULL,NULL,NULL,NULL,NULL,NULL,NULL,NULL
Gothitelle,NULL,NULL,8,NULL,NULL,NULL,NULL,NULL,NULL,-3,1,4,2,4,1
Gouging Fire,NULL,NULL,16,NULL,NULL,NULL,NULL,NULL,NULL,NULL,NULL,NULL,NULL,NULL,NULL
Gourgeist,NULL,NULL,3,NULL,NULL,NULL,NULL,NULL,NULL,-2,0,2,0,2,1
Gourgeist-Average,NULL,NULL,3,NULL,NULL,NULL,NULL,NULL,NULL,NULL,NULL,NULL,NULL,NULL,NULL
Gourgeist-Large,NULL,NULL,3,NULL,NULL,NULL,NULL,NULL,NULL,NULL,NULL,NULL,NULL,NULL,NULL
Gourgeist-Small,NULL,NULL,3,NULL,NULL,NULL,NULL,NULL,NULL,NULL,NULL,NULL,NULL,NULL,NULL
Gourgeist-Super,NULL,NULL,4,NULL,NULL,NULL,NULL,NULL,NULL,NULL,NULL,NULL,NULL,NULL,NULL
Grafaiai,NULL,NULL,7,NULL,NULL,NULL,NULL,NULL,NULL,-1,1,2,0,2,1
Granbull,NULL,NULL,4,NULL,NULL,NULL,NULL,NULL,NULL,-2,2,4,2,6,2
Grapploct,NULL,NULL,2,NULL,NULL,NULL,NULL,NULL,NULL,NULL,NULL,NULL,NULL,NULL,NULL
Great Tusk,NULL,NULL,16,NULL,NULL,NULL,NULL,NULL,NULL,8,17,9,8,16,3
Greavard,NULL,NULL,0,NULL,NULL,NULL,NULL,NULL,NULL,0,0,0,0,0,1
Greedent,NULL,NULL,7,NULL,NULL,NULL,NULL,NULL,NULL,5,6,1,2,2,1
Greninja,NULL,NULL,11,NULL,NULL,NULL,NULL,NULL,NULL,-5,12,17,3,19,2
Grimmsnarl,NULL,NULL,19,NULL,NULL,NULL,NULL,NULL,NULL,-1,5,6,6,10,2
Grookey,NULL,NULL,0,NULL,NULL,NULL,NULL,NULL,NULL,0,0,0,0,0,2
Groudon,NULL,NULL,50,NULL,NULL,NULL,NULL,NULL,NULL,36,39,3,14,14,1
Grumpig,NULL,NULL,2,NULL,NULL,NULL,NULL,NULL,NULL,NULL,NULL,NULL,NULL,NULL,NULL
Gumshoos,NULL,NULL,2,NULL,NULL,NULL,NULL,NULL,NULL,NULL,NULL,NULL,NULL,NULL,NULL
Gurdurr,NULL,NULL,4,NULL,NULL,NULL,NULL,NULL,NULL,NULL,NULL,NULL,NULL,NULL,NULL
Guzzlord,NULL,NULL,3,NULL,NULL,NULL,NULL,NULL,NULL,0,0,0,0,0,1
Gyarados,NULL,NULL,12,NULL,NULL,NULL,NULL,NULL,NULL,5,15,10,8,12,2
Hariyama,NULL,NULL,14,NULL,NULL,NULL,NULL,NULL,NULL,NULL,NULL,NULL,NULL,NULL,NULL
Hatterene,NULL,NULL,14,NULL,NULL,NULL,NULL,NULL,NULL,-8,6,14,5,17,2
Haunter,NULL,NULL,2,NULL,NULL,NULL,NULL,NULL,NULL,NULL,NULL,NULL,NULL,NULL,NULL
Hawlucha,NULL,NULL,10,NULL,NULL,NULL,NULL,NULL,NULL,NULL,NULL,NULL,NULL,NULL,NULL
Haxorus,NULL,NULL,6,NULL,NULL,NULL,NULL,NULL,NULL,NULL,NULL,NULL,NULL,NULL,NULL
Heatmor,NULL,NULL,1,NULL,NULL,NULL,NULL,NULL,NULL,NULL,NULL,NULL,NULL,NULL,NULL
Heatran,NULL,NULL,15,NULL,NULL,NULL,NULL,NULL,NULL,0,0,0,0,0,1
Heliolisk,NULL,NULL,7,NULL,NULL,NULL,NULL,NULL,NULL,6,18,12,16,24,2
Heracross,NULL,NULL,3,NULL,NULL,NULL,NULL,NULL,NULL,6,16,10,6,15,2
Hippopotas,NULL,NULL,2,NULL,NULL,NULL,NULL,NULL,NULL,NULL,NULL,NULL,NULL,NULL,NULL
Hippowdon,NULL,NULL,11,NULL,NULL,NULL,NULL,NULL,NULL,NULL,NULL,NULL,NULL,NULL,NULL
Hitmonchan,NULL,NULL,7,NULL,NULL,NULL,NULL,NULL,NULL,NULL,NULL,NULL,NULL,NULL,NULL
Hitmonlee,NULL,NULL,2,NULL,NULL,NULL,NULL,NULL,NULL,NULL,NULL,NULL,NULL,NULL,NULL
Hitmontop,NULL,NULL,15,NULL,NULL,NULL,NULL,NULL,NULL,NULL,NULL,NULL,NULL,NULL,NULL
Ho-Oh,NULL,NULL,50,NULL,NULL,NULL,NULL,NULL,NULL,2,6,4,4,4,2
Honchkrow,NULL,NULL,2,NULL,NULL,NULL,NULL,NULL,NULL,-4,2,6,0,6,1
Hoopa,NULL,NULL,8,NULL,NULL,NULL,NULL,NULL,NULL,NULL,NULL,NULL,NULL,NULL,NULL
Hoopa-Unbound,NULL,NULL,15,NULL,NULL,NULL,NULL,NULL,NULL,7,9,2,4,4,1
Houndoom,NULL,NULL,3,NULL,NULL,NULL,NULL,NULL,NULL,NULL,NULL,NULL,NULL,NULL,NULL
Houndstone,NULL,NULL,13,NULL,NULL,NULL,NULL,NULL,NULL,1,10,9,7,11,1
Huntail,NULL,NULL,3,NULL,NULL,NULL,NULL,NULL,NULL,NULL,NULL,NULL,NULL,NULL,NULL
Hydreigon,NULL,NULL,13,NULL,NULL,NULL,NULL,NULL,NULL,-2,15,17,7,19,2
Hypno,NULL,NULL,2,NULL,NULL,NULL,NULL,NULL,NULL,0,0,0,0,0,1
Illumise,NULL,NULL,6,NULL,NULL,NULL,NULL,NULL,NULL,NULL,NULL,NULL,NULL,NULL,NULL
Incineroar,NULL,NULL,20,NULL,NULL,NULL,NULL,NULL,NULL,-7,18,25,18,35,4
Indeedee-F,NULL,NULL,17,NULL,NULL,NULL,NULL,NULL,NULL,7,18,11,16,19,2
Indeedee-M,NULL,NULL,12,NULL,NULL,NULL,NULL,NULL,NULL,NULL,NULL,NULL,NULL,NULL,NULL
Infernape,NULL,NULL,10,NULL,NULL,NULL,NULL,NULL,NULL,1,2,1,5,3,2
Inteleon,NULL,NULL,8,NULL,NULL,NULL,NULL,NULL,NULL,-1,9,10,7,13,2
Iron Boulder,NULL,NULL,18,NULL,NULL,NULL,NULL,NULL,NULL,NULL,NULL,NULL,NULL,NULL,NULL
Iron Bundle,NULL,NULL,17,NULL,NULL,NULL,NULL,NULL,NULL,14,19,5,8,11,2
Iron Crown,NULL,NULL,13,NULL,NULL,NULL,NULL,NULL,NULL,6,14,8,6,9,1
Iron Hands,NULL,NULL,20,NULL,NULL,NULL,NULL,NULL,NULL,7,14,7,2,4,1
Iron Jugulis,NULL,NULL,12,NULL,NULL,NULL,NULL,NULL,NULL,NULL,NULL,NULL,NULL,NULL,NULL
Iron Leaves,NULL,NULL,13,NULL,NULL,NULL,NULL,NULL,NULL,NULL,NULL,NULL,NULL,NULL,NULL
Iron Moth,NULL,NULL,13,NULL,NULL,NULL,NULL,NULL,NULL,-2,5,7,8,17,3
Iron Treads,NULL,NULL,13,NULL,NULL,NULL,NULL,NULL,NULL,-2,2,4,3,5,2
Iron Valiant,NULL,NULL,15,NULL,NULL,NULL,NULL,NULL,NULL,NULL,NULL,NULL,NULL,NULL,NULL
IronThorns,NULL,NULL,6,NULL,NULL,NULL,NULL,NULL,NULL,4,5,1,4,3,1
Jellicent,NULL,NULL,12,NULL,NULL,NULL,NULL,NULL,NULL,NULL,NULL,NULL,NULL,NULL,NULL
Jirachi,NULL,NULL,50,NULL,NULL,NULL,NULL,NULL,NULL,-3,1,4,2,5,1
Jolteon,NULL,NULL,5,NULL,NULL,NULL,NULL,NULL,NULL,1,6,5,6,11,1
Jumpluff,NULL,NULL,8,NULL,NULL,NULL,NULL,NULL,NULL,-1,2,3,10,10,1
Jynx,NULL,NULL,6,NULL,NULL,NULL,NULL,NULL,NULL,NULL,NULL,NULL,NULL,NULL,NULL
Kabutops,NULL,NULL,10,NULL,NULL,NULL,NULL,NULL,NULL,NULL,NULL,NULL,NULL,NULL,NULL
Kadabra,NULL,NULL,2,NULL,NULL,NULL,NULL,NULL,NULL,NULL,NULL,NULL,NULL,NULL,NULL
Kangaskhan,NULL,NULL,3,NULL,NULL,NULL,NULL,NULL,NULL,NULL,NULL,NULL,NULL,NULL,NULL
Kartana,NULL,NULL,20,NULL,NULL,NULL,NULL,NULL,NULL,0,2,2,0,2,1
Kecleon,NULL,NULL,2,NULL,NULL,NULL,NULL,NULL,NULL,NULL,NULL,NULL,NULL,NULL,NULL
Keldeo,NULL,NULL,14,NULL,NULL,NULL,NULL,NULL,NULL,-2,4,6,4,6,1
Kilowattrel,NULL,NULL,10,NULL,NULL,NULL,NULL,NULL,NULL,1,9,8,2,8,2
Kingambit,NULL,NULL,18,NULL,NULL,NULL,NULL,NULL,NULL,5,19,14,4,17,4
Kingdra,NULL,NULL,15,NULL,NULL,NULL,NULL,NULL,NULL,-2,0,2,1,3,1
Kingler,NULL,NULL,3,NULL,NULL,NULL,NULL,NULL,NULL,NULL,NULL,NULL,NULL,NULL,NULL
Klawf,NULL,NULL,1,NULL,NULL,NULL,NULL,NULL,NULL,NULL,NULL,NULL,NULL,NULL,NULL
Kleavor,NULL,NULL,11,NULL,NULL,NULL,NULL,NULL,NULL,-6,12,18,6,17,3
Klefki,NULL,NULL,11,NULL,NULL,NULL,NULL,NULL,NULL,0,0,0,0,0,1
Klinklang,NULL,NULL,2,NULL,NULL,NULL,NULL,NULL,NULL,NULL,NULL,NULL,NULL,NULL,NULL
Komala,NULL,NULL,1,NULL,NULL,NULL,NULL,NULL,NULL,NULL,NULL,NULL,NULL,NULL,NULL
Kommo-o,NULL,NULL,10,NULL,NULL,NULL,NULL,NULL,NULL,NULL,NULL,NULL,NULL,NULL,NULL
Kommoo,NULL,NULL,0,NULL,NULL,NULL,NULL,NULL,NULL,-2,6,8,3,9,2
Koraidon,NULL,NULL,50,NULL,NULL,NULL,NULL,NULL,NULL,0,0,0,0,0,1
Kricketune,NULL,NULL,1,NULL,NULL,NULL,NULL,NULL,NULL,-2,0,2,0,2,1
Krookodile,NULL,NULL,12,NULL,NULL,NULL,NULL,NULL,NULL,0,0,0,0,0,1
Kyogre,NULL,NULL,50,NULL,NULL,NULL,NULL,NULL,NULL,2,10,8,2,8,1
Kyurem,NULL,NULL,13,NULL,NULL,NULL,NULL,NULL,NULL,13,25,12,6,15,2
Landorus,NULL,NULL,18,NULL,NULL,NULL,NULL,NULL,NULL,NULL,NULL,NULL,NULL,NULL,NULL
Lanturn,NULL,NULL,3,NULL,NULL,NULL,NULL,NULL,NULL,0,0,0,0,0,1
Lapras,NULL,NULL,1,NULL,NULL,NULL,NULL,NULL,NULL,NULL,NULL,NULL,NULL,NULL,NULL
Latias,NULL,NULL,14,NULL,NULL,NULL,NULL,NULL,NULL,NULL,NULL,NULL,NULL,NULL,NULL
Latios,NULL,NULL,15,NULL,NULL,NULL,NULL,NULL,NULL,NULL,NULL,NULL,NULL,NULL,NULL
Leafeon,NULL,NULL,3,NULL,NULL,NULL,NULL,NULL,NULL,NULL,NULL,NULL,NULL,NULL,NULL
Leavanny,NULL,NULL,2,NULL,NULL,NULL,NULL,NULL,NULL,2,2,0,2,2,1
Lechonk,NULL,NULL,0,NULL,NULL,NULL,NULL,NULL,NULL,0,0,0,0,0,1
Lickilicky,NULL,NULL,3,NULL,NULL,NULL,NULL,NULL,NULL,NULL,NULL,NULL,NULL,NULL,NULL
Liepard,NULL,NULL,8,NULL,NULL,NULL,NULL,NULL,NULL,NULL,NULL,NULL,NULL,NULL,NULL
Lilligant,NULL,NULL,7,NULL,NULL,NULL,NULL,NULL,NULL,-4,1,5,5,10,2
Lilligant-Hisui,NULL,NULL,15,NULL,NULL,NULL,NULL,NULL,NULL,0,8,8,1,9,1
Linoone,NULL,NULL,2,NULL,NULL,NULL,NULL,NULL,NULL,NULL,NULL,NULL,NULL,NULL,NULL
Lokix,NULL,NULL,4,NULL,NULL,NULL,NULL,NULL,NULL,NULL,NULL,NULL,NULL,NULL,NULL
Lopunny,NULL,NULL,4,NULL,NULL,NULL,NULL,NULL,NULL,-5,5,10,6,11,1
Lucario,NULL,NULL,6,NULL,NULL,NULL,NULL,NULL,NULL,0,7,7,6,9,1
Ludicolo,NULL,NULL,14,NULL,NULL,NULL,NULL,NULL,NULL,0,0,0,0,0,1
Lumineon,NULL,NULL,3,NULL,NULL,NULL,NULL,NULL,NULL,NULL,NULL,NULL,NULL,NULL,NULL
Lunatone,NULL,NULL,1,NULL,NULL,NULL,NULL,NULL,NULL,NULL,NULL,NULL,NULL,NULL,NULL
Lurantis,NULL,NULL,9,NULL,NULL,NULL,NULL,NULL,NULL,7,7,0,2,2,1
Luxray,NULL,NULL,3,NULL,NULL,NULL,NULL,NULL,NULL,NULL,NULL,NULL,NULL,NULL,NULL
Lycanroc-Midday,NULL,NULL,3,NULL,NULL,NULL,NULL,NULL,NULL,NULL,NULL,NULL,NULL,NULL,NULL
Lycanroc-Midnight,NULL,NULL,2,NULL,NULL,NULL,NULL,NULL,NULL,NULL,NULL,NULL,NULL,NULL,NULL
Mabosstiff,NULL,NULL,7,NULL,NULL,NULL,NULL,NULL,NULL,1,5,4,2,5,1
Machamp,NULL,NULL,7,NULL,NULL,NULL,NULL,NULL,NULL,-2,6,8,2,9,1
Magcargo,NULL,NULL,1,NULL,NULL,NULL,NULL,NULL,NULL,NULL,NULL,NULL,NULL,NULL,NULL
Magearna,NULL,NULL,50,NULL,NULL,NULL,NULL,NULL,NULL,-1,4,5,4,6,1
Magmar,NULL,NULL,10,NULL,NULL,NULL,NULL,NULL,NULL,NULL,NULL,NULL,NULL,NULL,NULL
Magmortar,NULL,NULL,9,NULL,NULL,NULL,NULL,NULL,NULL,3,10,7,7,9,2
Magnezone,NULL,NULL,7,NULL,NULL,NULL,NULL,NULL,NULL,1,2,1,0,2,1
Malamar,NULL,NULL,3,NULL,NULL,NULL,NULL,NULL,NULL,NULL,NULL,NULL,NULL,NULL,NULL
Mamoswine,NULL,NULL,11,NULL,NULL,NULL,NULL,NULL,NULL,NULL,NULL,NULL,NULL,NULL,NULL
Manaphy,NULL,NULL,14,NULL,NULL,NULL,NULL,NULL,NULL,NULL,NULL,NULL,NULL,NULL,NULL
Mandibuzz,NULL,NULL,11,NULL,NULL,NULL,NULL,NULL,NULL,1,5,4,5,7,2
Manectric,NULL,NULL,3,NULL,NULL,NULL,NULL,NULL,NULL,-2,3,5,0,3,1
Mantine,NULL,NULL,6,NULL,NULL,NULL,NULL,NULL,NULL,NULL,NULL,NULL,NULL,NULL,NULL
Maractus,NULL,NULL,2,NULL,NULL,NULL,NULL,NULL,NULL,NULL,NULL,NULL,NULL,NULL,NULL
Marowak,NULL,NULL,5,NULL,NULL,NULL,NULL,NULL,NULL,NULL,NULL,NULL,NULL,NULL,NULL
Marowak-Alola,NULL,NULL,7,NULL,NULL,NULL,NULL,NULL,NULL,NULL,NULL,NULL,NULL,NULL,NULL
Marshadow,NULL,NULL,16,NULL,NULL,NULL,NULL,NULL,NULL,0,8,8,3,12,1
Maschiff,NULL,NULL,0,NULL,NULL,NULL,NULL,NULL,NULL,0,0,0,0,0,1
Masquerain,NULL,NULL,1,NULL,NULL,NULL,NULL,NULL,NULL,-4,3,7,5,9,3
Maushold,NULL,NULL,13,NULL,NULL,NULL,NULL,NULL,NULL,-5,0,5,4,7,2
Mawile,NULL,NULL,1,NULL,NULL,NULL,NULL,NULL,NULL,0,6,6,2,9,3
Medicham,NULL,NULL,6,NULL,NULL,NULL,NULL,NULL,NULL,NULL,NULL,NULL,NULL,NULL,NULL
Meganium,NULL,NULL,1,NULL,NULL,NULL,NULL,NULL,NULL,0,0,0,0,0,1
Meowscarada,NULL,NULL,14,NULL,NULL,NULL,NULL,NULL,NULL,-14,11,25,11,27,4
Meowstic-F,NULL,NULL,2,NULL,NULL,NULL,NULL,NULL,NULL,NULL,NULL,NULL,NULL,NULL,NULL
Meowstic-M,NULL,NULL,9,NULL,NULL,NULL,NULL,NULL,NULL,-3,3,6,0,6,1
Metagross,NULL,NULL,12,NULL,NULL,NULL,NULL,NULL,NULL,10,11,1,4,5,1
Mewtwo,NULL,NULL,50,NULL,NULL,NULL,NULL,NULL,NULL,2,6,4,2,6,1
Mienshao,NULL,NULL,12,NULL,NULL,NULL,NULL,NULL,NULL,0,2,2,4,4,2
Mightyena,NULL,NULL,1,NULL,NULL,NULL,NULL,NULL,NULL,NULL,NULL,NULL,NULL,NULL,NULL
Milotic,NULL,NULL,13,NULL,NULL,NULL,NULL,NULL,NULL,5,5,0,4,4,1
Miltank,NULL,NULL,2,NULL,NULL,NULL,NULL,NULL,NULL,NULL,NULL,NULL,NULL,NULL,NULL
Mimikyu,NULL,NULL,14,NULL,NULL,NULL,NULL,NULL,NULL,-4,0,4,0,4,1
Minior,NULL,NULL,3,NULL,NULL,NULL,NULL,NULL,NULL,2,5,3,2,3,1
Minun,NULL,NULL,0,NULL,NULL,NULL,NULL,NULL,NULL,0,0,0,0,0,1
Miraidon,NULL,NULL,50,NULL,NULL,NULL,NULL,NULL,NULL,-1,0,1,0,0,2
Mismagius,NULL,NULL,3,NULL,NULL,NULL,NULL,NULL,NULL,NULL,NULL,NULL,NULL,NULL,NULL
Moltres,NULL,NULL,11,NULL,NULL,NULL,NULL,NULL,NULL,NULL,NULL,NULL,NULL,NULL,NULL
Moltres-Galar,NULL,NULL,12,NULL,NULL,NULL,NULL,NULL,NULL,4,5,1,6,6,1
Morgrem,NULL,NULL,8,NULL,NULL,NULL,NULL,NULL,NULL,-3,1,4,4,6,1
Morpeko,NULL,NULL,1,NULL,NULL,NULL,NULL,NULL,NULL,0,0,0,0,0,1
Mr. Mime,NULL,NULL,3,NULL,NULL,NULL,NULL,NULL,NULL,NULL,NULL,NULL,NULL,NULL,NULL
Mr. Mime-Galar,NULL,NULL,3,NULL,NULL,NULL,NULL,NULL,NULL,NULL,NULL,NULL,NULL,NULL,NULL
Mr. Rime,NULL,NULL,3,NULL,NULL,NULL,NULL,NULL,NULL,NULL,NULL,NULL,NULL,NULL,NULL
Mudsdale,NULL,NULL,9,NULL,NULL,NULL,NULL,NULL,NULL,NULL,NULL,NULL,NULL,NULL,NULL
Muk,NULL,NULL,3,NULL,NULL,NULL,NULL,NULL,NULL,NULL,NULL,NULL,NULL,NULL,NULL
Muk-Alola,NULL,NULL,12,NULL,NULL,NULL,NULL,NULL,NULL,-1,6,7,4,9,1
Munkidori,NULL,NULL,14,NULL,NULL,NULL,NULL,NULL,NULL,NULL,NULL,NULL,NULL,NULL,NULL
Murkrow,NULL,NULL,8,NULL,NULL,NULL,NULL,NULL,NULL,-16,3,19,12,24,3
Musharna,NULL,NULL,8,NULL,NULL,NULL,NULL,NULL,NULL,NULL,NULL,NULL,NULL,NULL,NULL
Nacli,NULL,NULL,0,NULL,NULL,NULL,NULL,NULL,NULL,-1,1,2,0,2,1
Naclstack,NULL,NULL,0,NULL,NULL,NULL,NULL,NULL,NULL,1,3,2,2,4,1
Naganadel,NULL,NULL,14,NULL,NULL,NULL,NULL,NULL,NULL,NULL,NULL,NULL,NULL,NULL,NULL
Necrozma,NULL,NULL,14,NULL,NULL,NULL,NULL,NULL,NULL,NULL,NULL,NULL,NULL,NULL,NULL
Nidoking,NULL,NULL,9,NULL,NULL,NULL,NULL,NULL,NULL,0,8,8,1,9,1
Nidoqueen,NULL,NULL,8,NULL,NULL,NULL,NULL,NULL,NULL,NULL,NULL,NULL,NULL,NULL,NULL
Nihilego,NULL,NULL,14,NULL,NULL,NULL,NULL,NULL,NULL,3,7,4,3,6,1
Ninetales,NULL,NULL,12,NULL,NULL,NULL,NULL,NULL,NULL,0,0,0,0,0,1
Ninetales-Alola,NULL,NULL,15,NULL,NULL,NULL,NULL,NULL,NULL,-11,4,15,8,15,3
Ninjask,NULL,NULL,1,NULL,NULL,NULL,NULL,NULL,NULL,-7,1,8,1,8,1
Noctowl,NULL,NULL,1,NULL,NULL,NULL,NULL,NULL,NULL,NULL,NULL,NULL,NULL,NULL,NULL
Noivern,NULL,NULL,7,NULL,NULL,NULL,NULL,NULL,NULL,NULL,NULL,NULL,NULL,NULL,NULL
Nymble,NULL,NULL,0,NULL,NULL,NULL,NULL,NULL,NULL,0,0,0,0,0,1
Obstagoon,NULL,NULL,6,NULL,NULL,NULL,NULL,NULL,NULL,NULL,NULL,NULL,NULL,NULL,NULL
Ogerpon,NULL,NULL,18,NULL,NULL,NULL,NULL,NULL,NULL,8,20,12,8,18,3
Oinkologne-F,NULL,NULL,1,NULL,NULL,NULL,NULL,NULL,NULL,NULL,NULL,NULL,NULL,NULL,NULL
Oinkologne-M,NULL,NULL,1,NULL,NULL,NULL,NULL,NULL,NULL,NULL,NULL,NULL,NULL,NULL,NULL
Okidogi,NULL,NULL,12,NULL,NULL,NULL,NULL,NULL,NULL,NULL,NULL,NULL,NULL,NULL,NULL
Omastar,NULL,NULL,8,NULL,NULL,NULL,NULL,NULL,NULL,NULL,NULL,NULL,NULL,NULL,NULL
Oranguru,NULL,NULL,14,NULL,NULL,NULL,NULL,NULL,NULL,-3,3,6,9,13,2
Orbeetle,NULL,NULL,1,NULL,NULL,NULL,NULL,NULL,NULL,-6,4,10,5,11,2
Oricorio-Baile,NULL,NULL,1,NULL,NULL,NULL,NULL,NULL,NULL,NULL,NULL,NULL,NULL,NULL,NULL
Oricorio-Pa'u,NULL,NULL,2,NULL,NULL,NULL,NULL,NULL,NULL,NULL,NULL,NULL,NULL,NULL,NULL
Oricorio-pompom,NULL,NULL,3,NULL,NULL,NULL,NULL,NULL,NULL,-1,3,4,3,8,1
Oricorio-Sensu,NULL,NULL,2,NULL,NULL,NULL,NULL,NULL,NULL,NULL,NULL,NULL,NULL,NULL,NULL
Orthworm,NULL,NULL,6,NULL,NULL,NULL,NULL,NULL,NULL,2,20,18,14,28,3
Overqwil,NULL,NULL,13,NULL,NULL,NULL,NULL,NULL,NULL,9,25,16,11,21,2
Pachirisu,NULL,NULL,5,NULL,NULL,NULL,NULL,NULL,NULL,1,16,15,3,15,3
Palafin,NULL,NULL,16,NULL,NULL,NULL,NULL,NULL,NULL,3,4,1,2,3,1
Palkia,NULL,NULL,50,NULL,NULL,NULL,NULL,NULL,NULL,0,0,0,0,0,1
Palossand,NULL,NULL,2,NULL,NULL,NULL,NULL,NULL,NULL,NULL,NULL,NULL,NULL,NULL,NULL
Pangoro,NULL,NULL,5,NULL,NULL,NULL,NULL,NULL,NULL,2,6,4,0,4,1
Parasect,NULL,NULL,4,NULL,NULL,NULL,NULL,NULL,NULL,-3,1,4,2,4,1
Passimian,NULL,NULL,5,NULL,NULL,NULL,NULL,NULL,NULL,NULL,NULL,NULL,NULL,NULL,NULL
Pawmo,NULL,NULL,0,NULL,NULL,NULL,NULL,NULL,NULL,0,0,0,0,0,1
Pawmot,NULL,NULL,10,NULL,NULL,NULL,NULL,NULL,NULL,1,5,4,5,8,1
Pecharunt,NULL,NULL,14,NULL,NULL,NULL,NULL,NULL,NULL,0,0,0,0,0,1
Pelipper,NULL,NULL,18,NULL,NULL,NULL,NULL,NULL,NULL,-1,5,6,6,11,2
Perrserker,NULL,NULL,6,NULL,NULL,NULL,NULL,NULL,NULL,NULL,NULL,NULL,NULL,NULL,NULL
Persian,NULL,NULL,1,NULL,NULL,NULL,NULL,NULL,NULL,-11,2,13,3,13,1
Persian-Alola,NULL,NULL,9,NULL,NULL,NULL,NULL,NULL,NULL,NULL,NULL,NULL,NULL,NULL,NULL
Pheromosa,NULL,NULL,14,NULL,NULL,NULL,NULL,NULL,NULL,NULL,NULL,NULL,NULL,NULL,NULL
Pidgeot,NULL,NULL,1,NULL,NULL,NULL,NULL,NULL,NULL,1,7,6,8,9,3
Pikachu,NULL,NULL,9,NULL,NULL,NULL,NULL,NULL,NULL,-4,7,11,9,22,3
Piloswine,NULL,NULL,2,NULL,NULL,NULL,NULL,NULL,NULL,NULL,NULL,NULL,NULL,NULL,NULL
Pincurchin,NULL,NULL,8,NULL,NULL,NULL,NULL,NULL,NULL,NULL,NULL,NULL,NULL,NULL,NULL
Pinsir,NULL,NULL,1,NULL,NULL,NULL,NULL,NULL,NULL,-2,1,3,1,5,1
Piplup,NULL,NULL,0,NULL,NULL,NULL,NULL,NULL,NULL,0,0,0,0,0,1
Plusle,NULL,NULL,1,NULL,NULL,NULL,NULL,NULL,NULL,0,0,0,0,0,1
Politoed,NULL,NULL,17,NULL,NULL,NULL,NULL,NULL,NULL,0,9,9,9,17,2
Poliwrath,NULL,NULL,5,NULL,NULL,NULL,NULL,NULL,NULL,NULL,NULL,NULL,NULL,NULL,NULL
Polteageist,NULL,NULL,2,NULL,NULL,NULL,NULL,NULL,NULL,NULL,NULL,NULL,NULL,NULL,NULL
Porygon,NULL,NULL,0,NULL,NULL,NULL,NULL,NULL,NULL,8,9,1,4,5,1
Porygon2,NULL,NULL,18,NULL,NULL,NULL,NULL,NULL,NULL,NULL,NULL,NULL,NULL,NULL,NULL
PorygonZ,NULL,NULL,8,NULL,NULL,NULL,NULL,NULL,NULL,0,0,0,0,0,1
Primarina,NULL,NULL,14,NULL,NULL,NULL,NULL,NULL,NULL,-3,2,5,4,7,4
Primeape,NULL,NULL,5,NULL,NULL,NULL,NULL,NULL,NULL,NULL,NULL,NULL,NULL,NULL,NULL
Purugly,NULL,NULL,2,NULL,NULL,NULL,NULL,NULL,NULL,NULL,NULL,NULL,NULL,NULL,NULL
Pyroar,NULL,NULL,6,NULL,NULL,NULL,NULL,NULL,NULL,NULL,NULL,NULL,NULL,NULL,NULL
Quagsire,NULL,NULL,5,NULL,NULL,NULL,NULL,NULL,NULL,-1,15,16,11,22,2
Quaquaval,NULL,NULL,8,NULL,NULL,NULL,NULL,NULL,NULL,1,4,3,2,4,1
Quaxly,NULL,NULL,0,NULL,NULL,NULL,NULL,NULL,NULL,-2,1,3,1,3,1
Qwilfish,NULL,NULL,5,NULL,NULL,NULL,NULL,NULL,NULL,-3,2,5,2,7,2
Qwilfish-Hisui,NULL,NULL,8,NULL,NULL,NULL,NULL,NULL,NULL,NULL,NULL,NULL,NULL,NULL,NULL
Rabsca,NULL,NULL,2,NULL,NULL,NULL,NULL,NULL,NULL,0,5,5,1,5,2
RagingBolt,NULL,NULL,19,NULL,NULL,NULL,NULL,NULL,NULL,-1,5,6,3,6,1
Raichu,NULL,NULL,10,NULL,NULL,NULL,NULL,NULL,NULL,-4,0,4,5,5,1
Raichu-Alola,NULL,NULL,8,NULL,NULL,NULL,NULL,NULL,NULL,NULL,NULL,NULL,NULL,NULL,NULL
Raikou,NULL,NULL,10,NULL,NULL,NULL,NULL,NULL,NULL,NULL,NULL,NULL,NULL,NULL,NULL
Rampardos,NULL,NULL,3,NULL,NULL,NULL,NULL,NULL,NULL,NULL,NULL,NULL,NULL,NULL,NULL
Rapidash,NULL,NULL,2,NULL,NULL,NULL,NULL,NULL,NULL,NULL,NULL,NULL,NULL,NULL,NULL
Rapidash-Galar,NULL,NULL,3,NULL,NULL,NULL,NULL,NULL,NULL,NULL,NULL,NULL,NULL,NULL,NULL
Regice,NULL,NULL,2,NULL,NULL,NULL,NULL,NULL,NULL,NULL,NULL,NULL,NULL,NULL,NULL
Regidrago,NULL,NULL,10,NULL,NULL,NULL,NULL,NULL,NULL,5,9,4,2,6,1
Regieleki,NULL,NULL,17,NULL,NULL,NULL,NULL,NULL,NULL,2,4,2,2,3,1
Regigigas,NULL,NULL,4,NULL,NULL,NULL,NULL,NULL,NULL,1,10,9,8,17,2
Regirock,NULL,NULL,4,NULL,NULL,NULL,NULL,NULL,NULL,-3,1,4,2,5,1
Registeel,NULL,NULL,9,NULL,NULL,NULL,NULL,NULL,NULL,NULL,NULL,NULL,NULL,NULL,NULL
Relicanth,NULL,NULL,1,NULL,NULL,NULL,NULL,NULL,NULL,NULL,NULL,NULL,NULL,NULL,NULL
Reuniclus,NULL,NULL,13,NULL,NULL,NULL,NULL,NULL,NULL,3,8,5,7,11,2
Revavroom,NULL,NULL,3,NULL,NULL,NULL,NULL,NULL,NULL,3,5,2,6,7,1
Rhydon,NULL,NULL,6,NULL,NULL,NULL,NULL,NULL,NULL,NULL,NULL,NULL,NULL,NULL,NULL
Rhyperior,NULL,NULL,7,NULL,NULL,NULL,NULL,NULL,NULL,-2,4,6,5,10,1
Ribombee,NULL,Summer 2023,12,NULL,NULL,NULL,NULL,NULL,NULL,7,17,10,5,13,3
Rillaboom,NULL,NULL,19,NULL,NULL,NULL,NULL,NULL,NULL,3,19,16,13,23,3
Riolu,NULL,NULL,3,NULL,NULL,NULL,NULL,NULL,NULL,-1,2,3,0,4,1
Roaring Moon,NULL,NULL,19,NULL,NULL,NULL,NULL,NULL,NULL,2,5,3,2,6,2
Roserade,NULL,NULL,8,NULL,NULL,NULL,NULL,NULL,NULL,-2,0,2,0,2,1
Rotom,NULL,NULL,8,NULL,NULL,NULL,NULL,NULL,NULL,NULL,NULL,NULL,NULL,NULL,NULL
Rotom-Wash,NULL,NULL,11,NULL,NULL,NULL,NULL,NULL,NULL,-3,4,7,10,14,2
Runerigus,NULL,NULL,7,NULL,NULL,NULL,NULL,NULL,NULL,NULL,NULL,NULL,NULL,NULL,NULL
Sableye,NULL,NULL,9,NULL,NULL,NULL,NULL,NULL,NULL,-2,10,12,13,22,2
Salamence,NULL,NULL,11,NULL,NULL,NULL,NULL,NULL,NULL,0,14,14,9,19,3
Salazzle,NULL,NULL,7,NULL,NULL,NULL,NULL,NULL,NULL,-7,4,11,3,11,2
Samurott,NULL,NULL,2,NULL,NULL,NULL,NULL,NULL,NULL,0,3,3,2,5,1
Samurott-Hisui,NULL,NULL,11,NULL,NULL,NULL,NULL,NULL,NULL,-6,5,11,4,13,2
Sandaconda,NULL,NULL,2,NULL,NULL,NULL,NULL,NULL,NULL,-3,1,4,0,4,1
Sandslash,NULL,NULL,2,NULL,NULL,NULL,NULL,NULL,NULL,NULL,NULL,NULL,NULL,NULL,NULL
Sandslash-Alola,NULL,NULL,2,NULL,NULL,NULL,NULL,NULL,NULL,NULL,NULL,NULL,NULL,NULL,NULL
Sandy Shocks,NULL,NULL,12,NULL,NULL,NULL,NULL,NULL,NULL,3,10,7,8,10,2
Sawk,NULL,NULL,3,NULL,NULL,NULL,NULL,NULL,NULL,NULL,NULL,NULL,NULL,NULL,NULL
Sawsbuck,NULL,NULL,2,NULL,NULL,NULL,NULL,NULL,NULL,-1,1,2,2,3,1
Sceptile,NULL,NULL,4,NULL,NULL,NULL,NULL,NULL,NULL,0,0,0,0,0,1
Scizor,NULL,NULL,11,NULL,NULL,NULL,NULL,NULL,NULL,6,11,5,4,7,1
Scolipede,NULL,NULL,5,NULL,NULL,NULL,NULL,NULL,NULL,NULL,NULL,NULL,NULL,NULL,NULL
Scovillain,NULL,NULL,11,NULL,NULL,NULL,NULL,NULL,NULL,-6,4,10,5,11,2
Scrafty,NULL,NULL,15,NULL,NULL,NULL,NULL,NULL,NULL,0,4,4,8,8,2
Scream Tail,NULL,NULL,12,NULL,NULL,NULL,NULL,NULL,NULL,1,3,2,0,2,1
Scyther,NULL,NULL,3,NULL,NULL,NULL,NULL,NULL,NULL,NULL,NULL,NULL,NULL,NULL,NULL
seismitoad,NULL,NULL,10,NULL,NULL,NULL,NULL,NULL,NULL,-1,5,6,2,9,1
Serperior,NULL,NULL,9,NULL,NULL,NULL,NULL,NULL,NULL,-1,3,4,4,6,2
Seviper,NULL,NULL,1,NULL,NULL,NULL,NULL,NULL,NULL,NULL,NULL,NULL,NULL,NULL,NULL
Sharpedo,NULL,NULL,5,NULL,NULL,NULL,NULL,NULL,NULL,NULL,NULL,NULL,NULL,NULL,NULL
Shaymin,NULL,NULL,10,NULL,NULL,NULL,NULL,NULL,NULL,NULL,NULL,NULL,NULL,NULL,NULL
Shaymin-Sky,NULL,NULL,15,NULL,NULL,NULL,NULL,NULL,NULL,9,14,5,6,11,1
Shedinja,NULL,NULL,1,NULL,NULL,NULL,NULL,NULL,NULL,1,4,3,2,5,1
Shiftry,NULL,NULL,8,NULL,NULL,NULL,NULL,NULL,NULL,-2,4,6,7,10,2
Shiinotic,NULL,NULL,3,NULL,NULL,NULL,NULL,NULL,NULL,2,5,3,4,5,1
Shroodle,NULL,NULL,0,NULL,NULL,NULL,NULL,NULL,NULL,0,0,0,0,0,1
Shuckle,NULL,NULL,1,NULL,NULL,NULL,NULL,NULL,NULL,-4,1,5,3,7,2
Sigilyph,NULL,NULL,7,NULL,NULL,NULL,NULL,NULL,NULL,NULL,NULL,NULL,NULL,NULL,NULL
Silvally,NULL,NULL,5,NULL,NULL,NULL,NULL,NULL,NULL,0,3,3,2,3,1
Simipour,NULL,NULL,3,NULL,NULL,NULL,NULL,NULL,NULL,NULL,NULL,NULL,NULL,NULL,NULL
Simisage,NULL,NULL,2,NULL,NULL,NULL,NULL,NULL,NULL,NULL,NULL,NULL,NULL,NULL,NULL
Simisear,NULL,NULL,3,NULL,NULL,NULL,NULL,NULL,NULL,NULL,NULL,NULL,NULL,NULL,NULL
Sinistcha,NULL,NULL,16,NULL,NULL,NULL,NULL,NULL,NULL,2,10,8,4,10,2
Sirfetch'd,NULL,NULL,4,NULL,NULL,NULL,NULL,NULL,NULL,-3,1,4,1,5,3
Skarmory,NULL,NULL,6,NULL,NULL,NULL,NULL,NULL,NULL,NULL,NULL,NULL,NULL,NULL,NULL
Skeledirge,NULL,NULL,11,NULL,NULL,NULL,NULL,NULL,NULL,-3,2,5,1,4,1
Skuntank,NULL,NULL,2,NULL,NULL,NULL,NULL,NULL,NULL,-6,3,9,4,9,1
Slaking,NULL,NULL,1,NULL,NULL,NULL,NULL,NULL,NULL,4,13,9,3,13,1
Sliggoo-Hisui,NULL,NULL,0,NULL,NULL,NULL,NULL,NULL,NULL,0,0,0,0,0,1
Slither Wing,NULL,NULL,8,NULL,NULL,NULL,NULL,NULL,NULL,5,8,3,8,8,2
slowbro,NULL,NULL,11,NULL,NULL,NULL,NULL,NULL,NULL,1,5,4,6,10,3
Slowbro-Galar,NULL,NULL,7,NULL,NULL,NULL,NULL,NULL,NULL,2,3,1,2,2,1
Slowking,NULL,NULL,12,NULL,NULL,NULL,NULL,NULL,NULL,NULL,NULL,NULL,NULL,NULL,NULL
Slowking-Galar,NULL,NULL,12,NULL,NULL,NULL,NULL,NULL,NULL,NULL,NULL,NULL,NULL,NULL,NULL
Slurpuff,NULL,NULL,3,NULL,NULL,NULL,NULL,NULL,NULL,2,6,4,3,8,1
Smeargle,NULL,NULL,11,NULL,NULL,NULL,NULL,NULL,NULL,-9,0,9,8,11,1
Smoliv,NULL,NULL,0,NULL,NULL,NULL,NULL,NULL,NULL,0,0,0,0,0,2
sneasel,NULL,NULL,6,NULL,NULL,NULL,NULL,NULL,NULL,-1,1,2,2,2,1
Sneasel,NULL,NULL,0,NULL,NULL,NULL,NULL,NULL,NULL,NULL,NULL,NULL,NULL,NULL,NULL
Sneasel-Hisui,NULL,NULL,6,NULL,NULL,NULL,NULL,NULL,NULL,1,8,7,6,9,1
Sneasler,NULL,NULL,16,NULL,NULL,NULL,NULL,NULL,NULL,0,1,1,4,4,1
Snorlax,NULL,NULL,6,NULL,NULL,NULL,NULL,NULL,NULL,6,8,2,6,8,1
Solrock,NULL,NULL,1,NULL,NULL,NULL,NULL,NULL,NULL,NULL,NULL,NULL,NULL,NULL,NULL
Spectrier,NULL,NULL,15,NULL,NULL,NULL,NULL,NULL,NULL,NULL,NULL,NULL,NULL,NULL,NULL
Spidops,NULL,2022,1,NULL,NULL,NULL,NULL,NULL,NULL,2,5,3,6,8,1
Spinda,NULL,NULL,1,NULL,NULL,NULL,NULL,NULL,NULL,-2,1,3,2,4,1
Spiritomb,NULL,NULL,2,NULL,NULL,NULL,NULL,NULL,NULL,NULL,NULL,NULL,NULL,NULL,NULL
Squawkabilly,NULL,NULL,1,NULL,NULL,NULL,NULL,NULL,NULL,-2,0,2,1,5,1
Stakataka,NULL,NULL,12,NULL,NULL,NULL,NULL,NULL,NULL,0,2,2,2,2,1
Stantler,NULL,NULL,4,NULL,NULL,NULL,NULL,NULL,NULL,-5,1,6,0,6,1
staraptor,NULL,NULL,10,NULL,NULL,NULL,NULL,NULL,NULL,3,9,6,4,11,2
Staraptor,NULL,NULL,0,NULL,NULL,NULL,NULL,NULL,NULL,NULL,NULL,NULL,NULL,NULL,NULL
Starmie,NULL,NULL,9,NULL,NULL,NULL,NULL,NULL,NULL,14,24,10,10,16,2
Steelix,NULL,NULL,2,NULL,NULL,NULL,NULL,NULL,NULL,NULL,NULL,NULL,NULL,NULL,NULL
Stonjourner,NULL,NULL,2,NULL,NULL,NULL,NULL,NULL,NULL,NULL,NULL,NULL,NULL,NULL,NULL
Stoutland,NULL,NULL,6,NULL,NULL,NULL,NULL,NULL,NULL,NULL,NULL,NULL,NULL,NULL,NULL
Stunfisk,NULL,NULL,1,NULL,NULL,NULL,NULL,NULL,NULL,NULL,NULL,NULL,NULL,NULL,NULL
Sudowoodo,NULL,NULL,1,NULL,NULL,NULL,NULL,NULL,NULL,NULL,NULL,NULL,NULL,NULL,NULL
Suicune,NULL,NULL,12,NULL,NULL,NULL,NULL,NULL,NULL,3,5,2,1,3,1
Sunkern,NULL,NULL,0,NULL,NULL,NULL,NULL,NULL,NULL,0,0,0,0,0,1
Swalot,NULL,NULL,1,NULL,NULL,NULL,NULL,NULL,NULL,NULL,NULL,NULL,NULL,NULL,NULL
Swampert,NULL,NULL,8,NULL,NULL,NULL,NULL,NULL,NULL,3,9,6,8,11,2
Swellow,NULL,NULL,4,NULL,NULL,NULL,NULL,NULL,NULL,-1,8,9,6,14,2
Swoobat,NULL,NULL,1,NULL,NULL,NULL,NULL,NULL,NULL,-4,2,6,2,6,1
Sylveon,NULL,NULL,14,NULL,NULL,NULL,NULL,NULL,NULL,-2,1,3,2,4,1
Talonflame,NULL,NULL,8,NULL,NULL,NULL,NULL,NULL,NULL,-3,5,8,6,14,1
Tandemaus,NULL,NULL,0,NULL,NULL,NULL,NULL,NULL,NULL,-1,1,2,1,3,1
Tangela,NULL,NULL,7,NULL,NULL,NULL,NULL,NULL,NULL,NULL,NULL,NULL,NULL,NULL,NULL
Tangrowth,NULL,NULL,8,NULL,NULL,NULL,NULL,NULL,NULL,-4,0,4,4,6,2
Tapu Bulu,NULL,NULL,13,NULL,NULL,NULL,NULL,NULL,NULL,NULL,NULL,NULL,NULL,NULL,NULL
Tapu Fini,NULL,NULL,17,NULL,NULL,NULL,NULL,NULL,NULL,5,8,3,6,8,1
Tapu Koko,NULL,NULL,20,NULL,NULL,NULL,NULL,NULL,NULL,4,4,0,4,4,1
TapuLele,NULL,NULL,19,NULL,NULL,NULL,NULL,NULL,NULL,7,17,10,11,17,2
Tarountula,NULL,NULL,0,NULL,NULL,NULL,NULL,NULL,NULL,0,0,0,0,0,1
Tatsugiri,NULL,NULL,7,NULL,NULL,NULL,NULL,NULL,NULL,-3,2,5,2,5,1
Tauros,NULL,NULL,6,NULL,NULL,NULL,NULL,NULL,NULL,NULL,NULL,NULL,NULL,NULL,NULL
Tauros-Paldea Aqua,NULL,NULL,10,NULL,NULL,NULL,NULL,NULL,NULL,0,3,3,1,3,1
Tauros-Paldea Blaze,NULL,NULL,10,NULL,NULL,NULL,NULL,NULL,NULL,4,6,2,2,4,3
Tauros-Paldea Combat,NULL,NULL,6,NULL,NULL,NULL,NULL,NULL,NULL,NULL,NULL,NULL,NULL,NULL,NULL
Tentacruel,NULL,NULL,3,NULL,NULL,NULL,NULL,NULL,NULL,NULL,NULL,NULL,NULL,NULL,NULL
Terapagos,NULL,NULL,16,NULL,NULL,NULL,NULL,NULL,NULL,NULL,NULL,NULL,NULL,NULL,NULL
Terrakion,NULL,NULL,14,NULL,NULL,NULL,NULL,NULL,NULL,6,15,9,6,14,1
Thievul,NULL,NULL,2,NULL,NULL,NULL,NULL,NULL,NULL,NULL,NULL,NULL,NULL,NULL,NULL
Throh,NULL,NULL,2,NULL,NULL,NULL,NULL,NULL,NULL,NULL,NULL,NULL,NULL,NULL,NULL
Thundurus,NULL,NULL,15,NULL,NULL,NULL,NULL,NULL,NULL,-2,6,8,2,9,1
Thwackey,NULL,NULL,4,NULL,NULL,NULL,NULL,NULL,NULL,0,0,0,0,0,1
TingLu,NULL,NULL,18,NULL,NULL,NULL,NULL,NULL,NULL,0,0,0,0,0,1
Tinkatink,NULL,NULL,0,NULL,NULL,NULL,NULL,NULL,NULL,0,0,0,0,0,1
Tinkaton,NULL,NULL,0,NULL,NULL,NULL,NULL,NULL,NULL,-8,4,12,2,13,3
Toedscruel,NULL,NULL,7,NULL,NULL,NULL,NULL,NULL,NULL,5,10,5,13,17,4
Togedemaru,NULL,NULL,10,NULL,NULL,NULL,NULL,NULL,NULL,NULL,NULL,NULL,NULL,NULL,NULL
Togekiss,NULL,NULL,14,NULL,NULL,NULL,NULL,NULL,NULL,4,5,1,2,2,1
Togetic,NULL,NULL,8,NULL,NULL,NULL,NULL,NULL,NULL,-3,1,4,4,8,1
Torkoal,NULL,NULL,19,NULL,NULL,NULL,NULL,NULL,NULL,8,9,1,18,18,2
Tornadus,NULL,NULL,17,NULL,NULL,NULL,NULL,NULL,NULL,7,13,6,10,15,1
Torracat,NULL,NULL,4,NULL,NULL,NULL,NULL,NULL,NULL,-1,1,2,2,2,2
Torterra,NULL,NULL,2,NULL,NULL,NULL,NULL,NULL,NULL,NULL,NULL,NULL,NULL,NULL,NULL
Toucannon,NULL,NULL,1,NULL,NULL,NULL,NULL,NULL,NULL,NULL,NULL,NULL,NULL,NULL,NULL
Toxapex,NULL,NULL,7,NULL,NULL,NULL,NULL,NULL,NULL,-2,15,17,15,31,3
toxicroak,NULL,NULL,6,NULL,NULL,NULL,NULL,NULL,NULL,1,1,0,4,4,1
Toxtricity,NULL,NULL,8,NULL,NULL,NULL,NULL,NULL,NULL,1,3,2,2,3,1
Trevenant,NULL,NULL,2,NULL,NULL,NULL,NULL,NULL,NULL,NULL,NULL,NULL,NULL,NULL,NULL
Tropius,NULL,NULL,1,NULL,NULL,NULL,NULL,NULL,NULL,NULL,NULL,NULL,NULL,NULL,NULL
Tsareena,NULL,NULL,11,NULL,NULL,NULL,NULL,NULL,NULL,0,0,0,0,0,1
Turtonator,NULL,NULL,1,NULL,NULL,NULL,NULL,NULL,NULL,NULL,NULL,NULL,NULL,NULL,NULL
Type: Null,NULL,NULL,2,NULL,NULL,NULL,NULL,NULL,NULL,NULL,NULL,NULL,NULL,NULL,NULL
Typhlosion,NULL,NULL,6,NULL,NULL,NULL,NULL,NULL,NULL,4,17,13,7,20,2
Typhlosion-Hisui,NULL,NULL,6,NULL,NULL,NULL,NULL,NULL,NULL,-2,1,3,0,0,1
Tyranitar,NULL,NULL,15,NULL,NULL,NULL,NULL,NULL,NULL,2,15,13,14,21,2
Tyrantrum,NULL,NULL,5,NULL,NULL,NULL,NULL,NULL,NULL,NULL,NULL,NULL,NULL,NULL,NULL
Umbreon,NULL,NULL,8,NULL,NULL,NULL,NULL,NULL,NULL,3,3,0,4,4,1
Unfezant,NULL,NULL,1,NULL,NULL,NULL,NULL,NULL,NULL,NULL,NULL,NULL,NULL,NULL,NULL
Unown-W,NULL,NULL,0,NULL,NULL,NULL,NULL,NULL,NULL,0,0,0,0,0,1
Ursaluna,NULL,NULL,18,NULL,NULL,NULL,NULL,NULL,NULL,-2,4,6,1,7,1
Ursaluna-Bloodmoon,NULL,NULL,50,NULL,NULL,NULL,NULL,NULL,NULL,-3,2,5,2,5,1
Ursaring,NULL,NULL,4,NULL,NULL,NULL,NULL,NULL,NULL,1,1,0,0,2,1
Uxie,NULL,NULL,7,NULL,NULL,NULL,NULL,NULL,NULL,NULL,NULL,NULL,NULL,NULL,NULL
Vanilluxe,NULL,NULL,9,NULL,NULL,NULL,NULL,NULL,NULL,0,15,15,4,16,2
Vaporeon,NULL,NULL,7,NULL,NULL,NULL,NULL,NULL,NULL,5,5,0,2,2,1
Veluza,NULL,NULL,2,NULL,NULL,NULL,NULL,NULL,NULL,-3,2,5,1,4,1
Venomoth,NULL,NULL,4,NULL,NULL,NULL,NULL,NULL,NULL,NULL,NULL,NULL,NULL,NULL,NULL
Venusaur,NULL,NULL,16,NULL,NULL,NULL,NULL,NULL,NULL,-2,0,2,0,2,1
Vespiquen,NULL,NULL,1,NULL,NULL,NULL,NULL,NULL,NULL,NULL,NULL,NULL,NULL,NULL,NULL
Victini,NULL,NULL,15,NULL,NULL,NULL,NULL,NULL,NULL,0,0,0,0,0,1
Victreebel,NULL,NULL,9,NULL,NULL,NULL,NULL,NULL,NULL,NULL,NULL,NULL,NULL,NULL,NULL
Vikavolt,NULL,NULL,8,NULL,NULL,NULL,NULL,NULL,NULL,0,3,3,1,3,1
Vileplume,NULL,NULL,8,NULL,NULL,NULL,NULL,NULL,NULL,NULL,NULL,NULL,NULL,NULL,NULL
Virizion,NULL,NULL,7,NULL,NULL,NULL,NULL,NULL,NULL,NULL,NULL,NULL,NULL,NULL,NULL
Vivillon,NULL,NULL,4,NULL,NULL,NULL,NULL,NULL,NULL,-7,2,9,3,9,1
Volbeat,NULL,NULL,6,NULL,NULL,NULL,NULL,NULL,NULL,-5,3,8,3,9,1
Volcanion,NULL,NULL,16,NULL,NULL,NULL,NULL,NULL,NULL,NULL,NULL,NULL,NULL,NULL,NULL
Volcarona,NULL,NULL,15,NULL,NULL,NULL,NULL,NULL,NULL,4,10,6,4,10,3
Vulpix,NULL,NULL,2,NULL,NULL,NULL,NULL,NULL,NULL,NULL,NULL,NULL,NULL,NULL,NULL
Vulpix-Alola,NULL,NULL,1,NULL,NULL,NULL,NULL,NULL,NULL,-2,0,2,2,2,1
Wailord,NULL,NULL,0,NULL,NULL,NULL,NULL,NULL,NULL,-2,0,2,0,2,1
Walking Wake,NULL,NULL,20,NULL,NULL,NULL,NULL,NULL,NULL,4,9,5,2,6,2
Walrein,NULL,NULL,1,NULL,NULL,NULL,NULL,NULL,NULL,NULL,NULL,NULL,NULL,NULL,NULL
Wartortle,NULL,NULL,14,NULL,NULL,NULL,NULL,NULL,NULL,NULL,NULL,NULL,NULL,NULL,NULL
Wattrel,NULL,NULL,0,NULL,NULL,NULL,NULL,NULL,NULL,-9,2,11,10,21,2
Weavile,NULL,NULL,11,NULL,NULL,NULL,NULL,NULL,NULL,NULL,NULL,NULL,NULL,NULL,NULL
Weezing,NULL,NULL,4,NULL,NULL,NULL,NULL,NULL,NULL,NULL,NULL,NULL,NULL,NULL,NULL
Weezing-Galar,NULL,NULL,7,NULL,NULL,NULL,NULL,NULL,NULL,4,9,5,8,13,1
Whimsicott,NULL,NULL,17,NULL,NULL,NULL,NULL,NULL,NULL,-9,2,11,8,12,1
Whiscash,NULL,NULL,1,NULL,NULL,NULL,NULL,NULL,NULL,NULL,NULL,NULL,NULL,NULL,NULL
Wigglytuff,NULL,NULL,1,NULL,NULL,NULL,NULL,NULL,NULL,NULL,NULL,NULL,NULL,NULL,NULL
Wishiwashi,NULL,NULL,3,NULL,NULL,NULL,NULL,NULL,NULL,NULL,NULL,NULL,NULL,NULL,NULL
Wo-Chien,NULL,NULL,11,NULL,NULL,NULL,NULL,NULL,NULL,2,3,1,2,5,1
Wormadam,NULL,NULL,0,NULL,NULL,NULL,NULL,NULL,NULL,0,0,0,0,0,1
Wormadam-Plant,NULL,NULL,1,NULL,NULL,NULL,NULL,NULL,NULL,NULL,NULL,NULL,NULL,NULL,NULL
Wormadam-Sandy,NULL,NULL,1,NULL,NULL,NULL,NULL,NULL,NULL,0,0,0,0,0,1
Wormadam-Trash,NULL,NULL,1,NULL,NULL,NULL,NULL,NULL,NULL,NULL,NULL,NULL,NULL,NULL,NULL
Wugtrio,NULL,NULL,1,NULL,NULL,NULL,NULL,NULL,NULL,NULL,NULL,NULL,NULL,NULL,NULL
Wyrdeer,NULL,NULL,5,NULL,NULL,NULL,NULL,NULL,NULL,-6,5,11,7,11,1
Xatu,NULL,NULL,3,NULL,NULL,NULL,NULL,NULL,NULL,NULL,NULL,NULL,NULL,NULL,NULL
Xurkitree,NULL,NULL,11,NULL,NULL,NULL,NULL,NULL,NULL,NULL,NULL,NULL,NULL,NULL,NULL
Yamper,NULL,NULL,0,NULL,NULL,NULL,NULL,NULL,NULL,-1,4,5,4,5,1
Yanmega,NULL,NULL,3,NULL,NULL,NULL,NULL,NULL,NULL,1,1,0,2,2,1
Zangoose,NULL,NULL,3,NULL,NULL,NULL,NULL,NULL,NULL,NULL,NULL,NULL,NULL,NULL,NULL
Zapdos,NULL,NULL,16,NULL,NULL,NULL,NULL,NULL,NULL,NULL,NULL,NULL,NULL,NULL,NULL
Zapdos-Galar,NULL,NULL,14,NULL,NULL,NULL,NULL,NULL,NULL,NULL,NULL,NULL,NULL,NULL,NULL
Zarude,NULL,NULL,8,NULL,NULL,NULL,NULL,NULL,NULL,2,4,2,2,3,1
Zebstrika,NULL,2025,1,NULL,NULL,NULL,NULL,NULL,NULL,1,5,4,6,9,1
Zekrom,NULL,NULL,50,NULL,NULL,NULL,NULL,NULL,NULL,-4,16,20,9,21,1
Zeraora,NULL,NULL,16,NULL,NULL,NULL,NULL,NULL,NULL,-9,4,13,4,13,2
Zoroark,NULL,NULL,5,NULL,NULL,NULL,NULL,NULL,NULL,-3,3,6,3,9,1
Zoroark-Hisui,NULL,NULL,8,NULL,NULL,NULL,NULL,NULL,NULL,0,11,11,4,15,2
Zygarde,NULL,NULL,15,NULL,NULL,NULL,NULL,NULL,NULL,-7,3,10,4,13,2
Zygarde-10,NULL,NULL,9,NULL,NULL,NULL,NULL,NULL,NULL,NULL,NULL,NULL,NULL,NULL,NULL