NamePoke,OwnedBy,Favorited,PointValue,Score,Diff,Kills,Death,Wins,GamesPlayed,HistDiff,HistKills,HistDeath,HistWins,HistGP,TimesDrafted,ID
Bulbasaur,NULL,NULL,0,NULL,NULL,NULL,NULL,NULL,NULL,0,0,0,0,0,1,1
Ivysaur,NULL,NULL,0,NULL,NULL,NULL,NULL,NULL,NULL,NULL,NULL,NULL,NULL,NULL,NULL,2
Venusaur,NULL,NULL,16,NULL,NULL,NULL,NULL,NULL,NULL,-2,0,2,0,2,1,3
Charmander,NULL,NULL,0,NULL,NULL,NULL,NULL,NULL,NULL,NULL,NULL,NULL,NULL,NULL,NULL,4
Charmeleon,NULL,NULL,0,NULL,NULL,NULL,NULL,NULL,NULL,NULL,NULL,NULL,NULL,NULL,NULL,5
Charizard,NULL,NULL,8,NULL,NULL,NULL,NULL,NULL,NULL,-3,23,26,11,28,4,6
Squirtle,NULL,NULL,1,NULL,NULL,NULL,NULL,NULL,NULL,NULL,NULL,NULL,NULL,NULL,NULL,7
Wartortle,NULL,NULL,14,NULL,NULL,NULL,NULL,NULL,NULL,NULL,NULL,NULL,NULL,NULL,NULL,8
Blastoise,NULL,NULL,19,NULL,NULL,NULL,NULL,NULL,NULL,1,5,4,3,5,1,9
Caterpie,NULL,NULL,0,NULL,NULL,NULL,NULL,NULL,NULL,NULL,NULL,NULL,NULL,NULL,NULL,10
Metapod,NULL,NULL,0,NULL,NULL,NULL,NULL,NULL,NULL,NULL,NULL,NULL,NULL,NULL,NULL,11
Butterfree,NULL,NULL,3,NULL,NULL,NULL,NULL,NULL,NULL,NULL,NULL,NULL,NULL,NULL,NULL,12
Weedle,NULL,NULL,0,NULL,NULL,NULL,NULL,NULL,NULL,NULL,NULL,NULL,NULL,NULL,NULL,13
Kakuna,NULL,NULL,0,NULL,NULL,NULL,NULL,NULL,NULL,NULL,NULL,NULL,NULL,NULL,NULL,14
Beedrill,NULL,NULL,0,NULL,NULL,NULL,NULL,NULL,NULL,1,10,9,8,16,2,15
Pidgey,NULL,NULL,0,NULL,NULL,NULL,NULL,NULL,NULL,NULL,NULL,NULL,NULL,NULL,NULL,16
Pidgeotto,NULL,NULL,0,NULL,NULL,NULL,NULL,NULL,NULL,NULL,NULL,NULL,NULL,NULL,NULL,17
Pidgeot,NULL,NULL,1,NULL,NULL,NULL,NULL,NULL,NULL,1,7,6,8,9,3,18
Rattata,NULL,NULL,0,NULL,NULL,NULL,NULL,NULL,NULL,NULL,NULL,NULL,NULL,NULL,NULL,19
Raticate,NULL,NULL,0,NULL,NULL,NULL,NULL,NULL,NULL,NULL,NULL,NULL,NULL,NULL,NULL,20
spearow,NULL,NULL,0,NULL,NULL,NULL,NULL,NULL,NULL,NULL,NULL,NULL,NULL,NULL,NULL,21
Fearow,NULL,NULL,1,NULL,NULL,NULL,NULL,NULL,NULL,NULL,NULL,NULL,NULL,NULL,NULL,22
Ekans,NULL,NULL,0,NULL,NULL,NULL,NULL,NULL,NULL,NULL,NULL,NULL,NULL,NULL,NULL,23
Arbok,NULL,NULL,1,NULL,NULL,NULL,NULL,NULL,NULL,NULL,NULL,NULL,NULL,NULL,NULL,24
Pikachu,NULL,NULL,9,NULL,NULL,NULL,NULL,NULL,NULL,-4,7,11,9,22,3,25
Raichu,NULL,NULL,10,NULL,NULL,NULL,NULL,NULL,NULL,-4,0,4,5,5,1,26
Sandshrew,NULL,NULL,0,NULL,NULL,NULL,NULL,NULL,NULL,NULL,NULL,NULL,NULL,NULL,NULL,27
Sandslash,NULL,NULL,2,NULL,NULL,NULL,NULL,NULL,NULL,NULL,NULL,NULL,NULL,NULL,NULL,28
nidoran-f,NULL,NULL,0,NULL,NULL,NULL,NULL,NULL,NULL,NULL,NULL,NULL,NULL,NULL,NULL,29
nidorina,NULL,NULL,0,NULL,NULL,NULL,NULL,NULL,NULL,NULL,NULL,NULL,NULL,NULL,NULL,30
Nidoqueen,NULL,NULL,8,NULL,NULL,NULL,NULL,NULL,NULL,NULL,NULL,NULL,NULL,NULL,NULL,31
nidoran-m,NULL,NULL,0,NULL,NULL,NULL,NULL,NULL,NULL,NULL,NULL,NULL,NULL,NULL,NULL,32
nidorino,NULL,NULL,0,NULL,NULL,NULL,NULL,NULL,NULL,NULL,NULL,NULL,NULL,NULL,NULL,33
Nidoking,NULL,NULL,9,NULL,NULL,NULL,NULL,NULL,NULL,0,8,8,1,9,1,34
Clefairy,NULL,NULL,11,NULL,NULL,NULL,NULL,NULL,NULL,-9,1,10,11,21,3,35
Clefable,NULL,NULL,11,NULL,NULL,NULL,NULL,NULL,NULL,-3,1,4,4,7,1,36
Vulpix,NULL,NULL,2,NULL,NULL,NULL,NULL,NULL,NULL,NULL,NULL,NULL,NULL,NULL,NULL,37
Ninetales,NULL,NULL,12,NULL,NULL,NULL,NULL,NULL,NULL,0,0,0,0,0,1,38
Jigglypuff,NULL,NULL,0,NULL,NULL,NULL,NULL,NULL,NULL,NULL,NULL,NULL,NULL,NULL,NULL,39
Wigglytuff,NULL,NULL,1,NULL,NULL,NULL,NULL,NULL,NULL,NULL,NULL,NULL,NULL,NULL,NULL,40
zubat,NULL,NULL,0,NULL,NULL,NULL,NULL,NULL,NULL,NULL,NULL,NULL,NULL,NULL,NULL,41
Golbat,NULL,NULL,6,NULL,NULL,NULL,NULL,NULL,NULL,NULL,NULL,NULL,NULL,NULL,NULL,42
Oddish,NULL,NULL,0,NULL,NULL,NULL,NULL,NULL,NULL,NULL,NULL,NULL,NULL,NULL,NULL,43
Gloom,NULL,NULL,0,NULL,NULL,NULL,NULL,NULL,NULL,NULL,NULL,NULL,NULL,NULL,NULL,44
Vileplume,NULL,NULL,8,NULL,NULL,NULL,NULL,NULL,NULL,NULL,NULL,NULL,NULL,NULL,NULL,45
Paras,NULL,NULL,0,NULL,NULL,NULL,NULL,NULL,NULL,NULL,NULL,NULL,NULL,NULL,NULL,46
Parasect,NULL,NULL,4,NULL,NULL,NULL,NULL,NULL,NULL,-3,1,4,2,4,1,47
venonat,NULL,NULL,0,NULL,NULL,NULL,NULL,NULL,NULL,NULL,NULL,NULL,NULL,NULL,NULL,48
Venomoth,NULL,NULL,4,NULL,NULL,NULL,NULL,NULL,NULL,NULL,NULL,NULL,NULL,NULL,NULL,49
Diglett,NULL,NULL,0,NULL,NULL,NULL,NULL,NULL,NULL,NULL,NULL,NULL,NULL,NULL,NULL,50
Dugtrio,NULL,NULL,4,NULL,NULL,NULL,NULL,NULL,NULL,NULL,NULL,NULL,NULL,NULL,NULL,51
Meowth,NULL,NULL,0,NULL,NULL,NULL,NULL,NULL,NULL,NULL,NULL,NULL,NULL,NULL,NULL,52
Persian,NULL,NULL,1,NULL,NULL,NULL,NULL,NULL,NULL,-11,2,13,3,13,1,53
Psyduck,NULL,NULL,0,NULL,NULL,NULL,NULL,NULL,NULL,NULL,NULL,NULL,NULL,NULL,NULL,54
Golduck,NULL,NULL,7,NULL,NULL,NULL,NULL,NULL,NULL,NULL,NULL,NULL,NULL,NULL,NULL,55
Mankey,NULL,NULL,0,NULL,NULL,NULL,NULL,NULL,NULL,NULL,NULL,NULL,NULL,NULL,NULL,56
Primeape,NULL,NULL,5,NULL,NULL,NULL,NULL,NULL,NULL,NULL,NULL,NULL,NULL,NULL,NULL,57
Growlithe,NULL,NULL,0,NULL,NULL,NULL,NULL,NULL,NULL,NULL,NULL,NULL,NULL,NULL,NULL,58
Arcanine,NULL,NULL,15,NULL,NULL,NULL,NULL,NULL,NULL,-5,5,10,3,11,1,59
Poliwag,NULL,NULL,0,NULL,NULL,NULL,NULL,NULL,NULL,NULL,NULL,NULL,NULL,NULL,NULL,60
Poliwhirl,NULL,NULL,0,NULL,NULL,NULL,NULL,NULL,NULL,NULL,NULL,NULL,NULL,NULL,NULL,61
Poliwrath,NULL,NULL,5,NULL,NULL,NULL,NULL,NULL,NULL,NULL,NULL,NULL,NULL,NULL,NULL,62
Abra,NULL,NULL,0,NULL,NULL,NULL,NULL,NULL,NULL,NULL,NULL,NULL,NULL,NULL,NULL,63
Kadabra,NULL,NULL,2,NULL,NULL,NULL,NULL,NULL,NULL,NULL,NULL,NULL,NULL,NULL,NULL,64
Alakazam,NULL,NULL,9,NULL,NULL,NULL,NULL,NULL,NULL,0,12,12,3,13,1,65
Machop,NULL,NULL,0,NULL,NULL,NULL,NULL,NULL,NULL,NULL,NULL,NULL,NULL,NULL,NULL,66
Machoke,NULL,NULL,0,NULL,NULL,NULL,NULL,NULL,NULL,NULL,NULL,NULL,NULL,NULL,NULL,67
Machamp,NULL,NULL,7,NULL,NULL,NULL,NULL,NULL,NULL,-2,6,8,2,9,1,68
Bellsprout,NULL,NULL,0,NULL,NULL,NULL,NULL,NULL,NULL,NULL,NULL,NULL,NULL,NULL,NULL,69
weepinbell,NULL,NULL,0,NULL,NULL,NULL,NULL,NULL,NULL,NULL,NULL,NULL,NULL,NULL,NULL,70
Victreebel,NULL,NULL,9,NULL,NULL,NULL,NULL,NULL,NULL,NULL,NULL,NULL,NULL,NULL,NULL,71
tentacool,NULL,NULL,0,NULL,NULL,NULL,NULL,NULL,NULL,NULL,NULL,NULL,NULL,NULL,NULL,72
Tentacruel,NULL,NULL,3,NULL,NULL,NULL,NULL,NULL,NULL,NULL,NULL,NULL,NULL,NULL,NULL,73
Geodude,NULL,NULL,0,NULL,NULL,NULL,NULL,NULL,NULL,NULL,NULL,NULL,NULL,NULL,NULL,74
Graveler,NULL,NULL,0,NULL,NULL,NULL,NULL,NULL,NULL,NULL,NULL,NULL,NULL,NULL,NULL,75
Golem,NULL,NULL,2,NULL,NULL,NULL,NULL,NULL,NULL,NULL,NULL,NULL,NULL,NULL,NULL,76
Ponyta,NULL,NULL,0,NULL,NULL,NULL,NULL,NULL,NULL,NULL,NULL,NULL,NULL,NULL,NULL,77
Rapidash,NULL,NULL,2,NULL,NULL,NULL,NULL,NULL,NULL,NULL,NULL,NULL,NULL,NULL,NULL,78
slowpoke,NULL,NULL,0,NULL,NULL,NULL,NULL,NULL,NULL,NULL,NULL,NULL,NULL,NULL,NULL,79
slowbro,NULL,NULL,11,NULL,NULL,NULL,NULL,NULL,NULL,1,5,4,6,10,3,80
Magnemite,NULL,NULL,0,NULL,NULL,NULL,NULL,NULL,NULL,NULL,NULL,NULL,NULL,NULL,NULL,81
Magneton,NULL,NULL,0,NULL,NULL,NULL,NULL,NULL,NULL,NULL,NULL,NULL,NULL,NULL,NULL,82
Farfetch'd,NULL,NULL,0,NULL,NULL,NULL,NULL,NULL,NULL,NULL,NULL,NULL,NULL,NULL,NULL,83
Doduo,NULL,NULL,0,NULL,NULL,NULL,NULL,NULL,NULL,NULL,NULL,NULL,NULL,NULL,NULL,84
Dodrio,NULL,NULL,2,NULL,NULL,NULL,NULL,NULL,NULL,6,7,1,2,2,1,85
Seel,NULL,NULL,0,NULL,NULL,NULL,NULL,NULL,NULL,NULL,NULL,NULL,NULL,NULL,NULL,86
Dewgong,NULL,NULL,3,NULL,NULL,NULL,NULL,NULL,NULL,NULL,NULL,NULL,NULL,NULL,NULL,87
Grimer,NULL,NULL,0,NULL,NULL,NULL,NULL,NULL,NULL,NULL,NULL,NULL,NULL,NULL,NULL,88
Muk,NULL,NULL,3,NULL,NULL,NULL,NULL,NULL,NULL,NULL,NULL,NULL,NULL,NULL,NULL,89
Shellder,NULL,NULL,0,NULL,NULL,NULL,NULL,NULL,NULL,NULL,NULL,NULL,NULL,NULL,NULL,90
Cloyster,NULL,NULL,2,NULL,NULL,NULL,NULL,NULL,NULL,NULL,NULL,NULL,NULL,NULL,NULL,91
Gastly,NULL,NULL,0,NULL,NULL,NULL,NULL,NULL,NULL,NULL,NULL,NULL,NULL,NULL,NULL,92
Haunter,NULL,NULL,2,NULL,NULL,NULL,NULL,NULL,NULL,NULL,NULL,NULL,NULL,NULL,NULL,93
Gengar,NULL,NULL,9,NULL,NULL,NULL,NULL,NULL,NULL,-2,7,9,2,10,3,94
Onix,NULL,NULL,0,NULL,NULL,NULL,NULL,NULL,NULL,NULL,NULL,NULL,NULL,NULL,NULL,95
Drowzee,NULL,NULL,0,NULL,NULL,NULL,NULL,NULL,NULL,NULL,NULL,NULL,NULL,NULL,NULL,96
Hypno,NULL,NULL,2,NULL,NULL,NULL,NULL,NULL,NULL,0,0,0,0,0,1,97
Krabby,NULL,NULL,0,NULL,NULL,NULL,NULL,NULL,NULL,NULL,NULL,NULL,NULL,NULL,NULL,98
Kingler,NULL,NULL,3,NULL,NULL,NULL,NULL,NULL,NULL,NULL,NULL,NULL,NULL,NULL,NULL,99
voltorb,NULL,NULL,0,NULL,NULL,NULL,NULL,NULL,NULL,NULL,NULL,NULL,NULL,NULL,NULL,100
Electrode,NULL,NULL,3,NULL,NULL,NULL,NULL,NULL,NULL,NULL,NULL,NULL,NULL,NULL,NULL,101
Exeggcute,NULL,NULL,0,NULL,NULL,NULL,NULL,NULL,NULL,NULL,NULL,NULL,NULL,NULL,NULL,102
Exeggutor,NULL,NULL,4,NULL,NULL,NULL,NULL,NULL,NULL,NULL,NULL,NULL,NULL,NULL,NULL,103
Cubone,NULL,NULL,0,NULL,NULL,NULL,NULL,NULL,NULL,NULL,NULL,NULL,NULL,NULL,NULL,104
Marowak,NULL,NULL,5,NULL,NULL,NULL,NULL,NULL,NULL,NULL,NULL,NULL,NULL,NULL,NULL,105
Hitmonlee,NULL,NULL,2,NULL,NULL,NULL,NULL,NULL,NULL,NULL,NULL,NULL,NULL,NULL,NULL,106
Hitmonchan,NULL,NULL,7,NULL,NULL,NULL,NULL,NULL,NULL,NULL,NULL,NULL,NULL,NULL,NULL,107
Lickitung,NULL,NULL,0,NULL,NULL,NULL,NULL,NULL,NULL,NULL,NULL,NULL,NULL,NULL,NULL,108
Koffing,NULL,NULL,0,NULL,NULL,NULL,NULL,NULL,NULL,NULL,NULL,NULL,NULL,NULL,NULL,109
Weezing,NULL,NULL,4,NULL,NULL,NULL,NULL,NULL,NULL,NULL,NULL,NULL,NULL,NULL,NULL,110
Rhyhorn,NULL,NULL,0,NULL,NULL,NULL,NULL,NULL,NULL,NULL,NULL,NULL,NULL,NULL,NULL,111
Rhydon,NULL,NULL,6,NULL,NULL,NULL,NULL,NULL,NULL,NULL,NULL,NULL,NULL,NULL,NULL,112
Chansey,NULL,NULL,4,NULL,NULL,NULL,NULL,NULL,NULL,-3,4,7,8,12,1,113
Tangela,NULL,NULL,7,NULL,NULL,NULL,NULL,NULL,NULL,NULL,NULL,NULL,NULL,NULL,NULL,114
Kangaskhan,NULL,NULL,3,NULL,NULL,NULL,NULL,NULL,NULL,NULL,NULL,NULL,NULL,NULL,NULL,115
Horsea,NULL,NULL,0,NULL,NULL,NULL,NULL,NULL,NULL,NULL,NULL,NULL,NULL,NULL,NULL,116
Seadra,NULL,NULL,0,NULL,NULL,NULL,NULL,NULL,NULL,NULL,NULL,NULL,NULL,NULL,NULL,117
Goldeen,NULL,NULL,0,NULL,NULL,NULL,NULL,NULL,NULL,NULL,NULL,NULL,NULL,NULL,NULL,118
Seaking,NULL,NULL,0,NULL,NULL,NULL,NULL,NULL,NULL,NULL,NULL,NULL,NULL,NULL,NULL,119
staryu,NULL,NULL,0,NULL,NULL,NULL,NULL,NULL,NULL,NULL,NULL,NULL,NULL,NULL,NULL,120
Starmie,NULL,NULL,9,NULL,NULL,NULL,NULL,NULL,NULL,14,24,10,10,16,2,121
"Mr. Mime",NULL,NULL,3,NULL,NULL,NULL,NULL,NULL,NULL,NULL,NULL,NULL,NULL,NULL,NULL,122
Scyther,NULL,NULL,3,NULL,NULL,NULL,NULL,NULL,NULL,NULL,NULL,NULL,NULL,NULL,NULL,123
Jynx,NULL,NULL,6,NULL,NULL,NULL,NULL,NULL,NULL,NULL,NULL,NULL,NULL,NULL,NULL,124
Electabuzz,NULL,NULL,5,NULL,NULL,NULL,NULL,NULL,NULL,-6,0,6,0,6,1,125
Magmar,NULL,NULL,10,NULL,NULL,NULL,NULL,NULL,NULL,NULL,NULL,NULL,NULL,NULL,NULL,126
Pinsir,NULL,NULL,1,NULL,NULL,NULL,NULL,NULL,NULL,-2,1,3,1,5,1,127
Tauros,NULL,NULL,6,NULL,NULL,NULL,NULL,NULL,NULL,NULL,NULL,NULL,NULL,NULL,NULL,128
Magikarp,NULL,NULL,0,NULL,NULL,NULL,NULL,NULL,NULL,NULL,NULL,NULL,NULL,NULL,NULL,129
Gyarados,NULL,NULL,12,NULL,NULL,NULL,NULL,NULL,NULL,5,15,10,8,12,2,130
Lapras,NULL,NULL,1,NULL,NULL,NULL,NULL,NULL,NULL,NULL,NULL,NULL,NULL,NULL,NULL,131
Ditto,NULL,NULL,5,NULL,NULL,NULL,NULL,NULL,NULL,-3,3,6,5,12,2,132
Eevee,NULL,NULL,0,NULL,NULL,NULL,NULL,NULL,NULL,0,0,0,0,0,1,133
Vaporeon,NULL,NULL,7,NULL,NULL,NULL,NULL,NULL,NULL,5,5,0,2,2,1,134
Jolteon,NULL,NULL,5,NULL,NULL,NULL,NULL,NULL,NULL,1,6,5,6,11,1,135
Flareon,NULL,NULL,1,NULL,NULL,NULL,NULL,NULL,NULL,NULL,NULL,NULL,NULL,NULL,NULL,136
Porygon,NULL,NULL,0,NULL,NULL,NULL,NULL,NULL,NULL,8,9,1,4,5,1,137
Omanyte,NULL,NULL,0,NULL,NULL,NULL,NULL,NULL,NULL,NULL,NULL,NULL,NULL,NULL,NULL,138
Omastar,NULL,NULL,8,NULL,NULL,NULL,NULL,NULL,NULL,NULL,NULL,NULL,NULL,NULL,NULL,139
Kabuto,NULL,NULL,0,NULL,NULL,NULL,NULL,NULL,NULL,NULL,NULL,NULL,NULL,NULL,NULL,140
Kabutops,NULL,NULL,10,NULL,NULL,NULL,NULL,NULL,NULL,NULL,NULL,NULL,NULL,NULL,NULL,141
Aerodactyl,NULL,NULL,6,NULL,NULL,NULL,NULL,NULL,NULL,11,14,3,4,5,1,142
Snorlax,NULL,NULL,6,NULL,NULL,NULL,NULL,NULL,NULL,6,8,2,6,8,1,143
Articuno,NULL,NULL,2,NULL,NULL,NULL,NULL,NULL,NULL,-4,7,11,5,12,2,144
Zapdos,NULL,NULL,16,NULL,NULL,NULL,NULL,NULL,NULL,NULL,NULL,NULL,NULL,NULL,NULL,145
Moltres,NULL,NULL,11,NULL,NULL,NULL,NULL,NULL,NULL,NULL,NULL,NULL,NULL,NULL,NULL,146
Dratini,NULL,NULL,0,NULL,NULL,NULL,NULL,NULL,NULL,NULL,NULL,NULL,NULL,NULL,NULL,147
Dragonair,NULL,NULL,0,NULL,NULL,NULL,NULL,NULL,NULL,0,0,0,0,0,1,148
Dragonite,NULL,NULL,11,NULL,NULL,NULL,NULL,NULL,NULL,NULL,NULL,NULL,NULL,NULL,NULL,149
Mewtwo,NULL,NULL,21,NULL,NULL,NULL,NULL,NULL,NULL,2,6,4,2,6,1,150
Mew,NULL,NULL,0,NULL,NULL,NULL,NULL,NULL,NULL,NULL,NULL,NULL,NULL,NULL,NULL,151
Chikorita,NULL,NULL,0,NULL,NULL,NULL,NULL,NULL,NULL,NULL,NULL,NULL,NULL,NULL,NULL,152
Bayleef,NULL,NULL,0,NULL,NULL,NULL,NULL,NULL,NULL,NULL,NULL,NULL,NULL,NULL,NULL,153
Meganium,NULL,NULL,1,NULL,NULL,NULL,NULL,NULL,NULL,0,0,0,0,0,1,154
Cyndaquil,NULL,NULL,0,NULL,NULL,NULL,NULL,NULL,NULL,NULL,NULL,NULL,NULL,NULL,NULL,155
Quilava,NULL,NULL,0,NULL,NULL,NULL,NULL,NULL,NULL,NULL,NULL,NULL,NULL,NULL,NULL,156
Typhlosion,NULL,NULL,6,NULL,NULL,NULL,NULL,NULL,NULL,4,17,13,7,20,2,157
totodile,NULL,NULL,0,NULL,NULL,NULL,NULL,NULL,NULL,NULL,NULL,NULL,NULL,NULL,NULL,158
Croconaw,NULL,NULL,0,NULL,NULL,NULL,NULL,NULL,NULL,NULL,NULL,NULL,NULL,NULL,NULL,159
Feraligatr,NULL,NULL,8,NULL,NULL,NULL,NULL,NULL,NULL,NULL,NULL,NULL,NULL,NULL,NULL,160
Sentret,NULL,NULL,0,NULL,NULL,NULL,NULL,NULL,NULL,NULL,NULL,NULL,NULL,NULL,NULL,161
Furret,NULL,NULL,1,NULL,NULL,NULL,NULL,NULL,NULL,-4,0,4,2,8,1,162
Hoothoot,NULL,NULL,0,NULL,NULL,NULL,NULL,NULL,NULL,NULL,NULL,NULL,NULL,NULL,NULL,163
Noctowl,NULL,NULL,1,NULL,NULL,NULL,NULL,NULL,NULL,NULL,NULL,NULL,NULL,NULL,NULL,164
Ledyba,NULL,NULL,0,NULL,NULL,NULL,NULL,NULL,NULL,NULL,NULL,NULL,NULL,NULL,NULL,165
Ledian,NULL,NULL,0,NULL,NULL,NULL,NULL,NULL,NULL,NULL,NULL,NULL,NULL,NULL,NULL,166
spinarak,NULL,NULL,0,NULL,NULL,NULL,NULL,NULL,NULL,NULL,NULL,NULL,NULL,NULL,NULL,167
Ariados,NULL,NULL,1,NULL,NULL,NULL,NULL,NULL,NULL,NULL,NULL,NULL,NULL,NULL,NULL,168
Crobat,NULL,NULL,11,NULL,NULL,NULL,NULL,NULL,NULL,NULL,NULL,NULL,NULL,NULL,NULL,169
Chinchou,NULL,NULL,0,NULL,NULL,NULL,NULL,NULL,NULL,NULL,NULL,NULL,NULL,NULL,NULL,170
Lanturn,NULL,NULL,3,NULL,NULL,NULL,NULL,NULL,NULL,0,0,0,0,0,1,171
Pichu,NULL,NULL,0,NULL,NULL,NULL,NULL,NULL,NULL,NULL,NULL,NULL,NULL,NULL,NULL,172
Cleffa,NULL,NULL,0,NULL,NULL,NULL,NULL,NULL,NULL,NULL,NULL,NULL,NULL,NULL,NULL,173
Igglybuff,NULL,NULL,0,NULL,NULL,NULL,NULL,NULL,NULL,NULL,NULL,NULL,NULL,NULL,NULL,174
togepi,NULL,NULL,0,NULL,NULL,NULL,NULL,NULL,NULL,NULL,NULL,NULL,NULL,NULL,NULL,175
Togetic,NULL,NULL,8,NULL,NULL,NULL,NULL,NULL,NULL,-3,1,4,4,8,1,176
Natu,NULL,NULL,0,NULL,NULL,NULL,NULL,NULL,NULL,NULL,NULL,NULL,NULL,NULL,NULL,177
Xatu,NULL,NULL,3,NULL,NULL,NULL,NULL,NULL,NULL,NULL,NULL,NULL,NULL,NULL,NULL,178
Mareep,NULL,NULL,0,NULL,NULL,NULL,NULL,NULL,NULL,NULL,NULL,NULL,NULL,NULL,NULL,179
Flaaffy,NULL,NULL,0,NULL,NULL,NULL,NULL,NULL,NULL,NULL,NULL,NULL,NULL,NULL,NULL,180
Ampharos,NULL,NULL,2,NULL,NULL,NULL,NULL,NULL,NULL,-7,6,13,3,13,2,181
Bellossom,NULL,NULL,4,NULL,NULL,NULL,NULL,NULL,NULL,-1,0,1,2,2,1,182
Marill,NULL,NULL,0,NULL,NULL,NULL,NULL,NULL,NULL,NULL,NULL,NULL,NULL,NULL,NULL,183
Azumarill,NULL,NULL,14,NULL,NULL,NULL,NULL,NULL,NULL,5,10,5,6,9,1,184
Sudowoodo,NULL,NULL,1,NULL,NULL,NULL,NULL,NULL,NULL,NULL,NULL,NULL,NULL,NULL,NULL,185
Politoed,NULL,NULL,17,NULL,NULL,NULL,NULL,NULL,NULL,0,9,9,9,17,2,186
Hoppip,NULL,NULL,0,NULL,NULL,NULL,NULL,NULL,NULL,NULL,NULL,NULL,NULL,NULL,NULL,187
Skiploom,NULL,NULL,0,NULL,NULL,NULL,NULL,NULL,NULL,NULL,NULL,NULL,NULL,NULL,NULL,188
Jumpluff,NULL,NULL,8,NULL,NULL,NULL,NULL,NULL,NULL,-1,2,3,10,10,1,189
Aipom,NULL,NULL,1,NULL,NULL,NULL,NULL,NULL,NULL,NULL,NULL,NULL,NULL,NULL,NULL,190
Sunkern,NULL,NULL,0,NULL,NULL,NULL,NULL,NULL,NULL,0,0,0,0,0,1,191
sunflora,NULL,NULL,0,NULL,NULL,NULL,NULL,NULL,NULL,NULL,NULL,NULL,NULL,NULL,NULL,192
yanma,NULL,NULL,0,NULL,NULL,NULL,NULL,NULL,NULL,NULL,NULL,NULL,NULL,NULL,NULL,193
wooper,NULL,NULL,0,NULL,NULL,NULL,NULL,NULL,NULL,NULL,NULL,NULL,NULL,NULL,NULL,194
Quagsire,NULL,NULL,5,NULL,NULL,NULL,NULL,NULL,NULL,-1,15,16,11,22,2,195
Espeon,NULL,NULL,5,NULL,NULL,NULL,NULL,NULL,NULL,0,2,2,2,2,1,196
Umbreon,NULL,NULL,8,NULL,NULL,NULL,NULL,NULL,NULL,3,3,0,4,4,1,197
Murkrow,NULL,NULL,8,NULL,NULL,NULL,NULL,NULL,NULL,-16,3,19,12,24,3,198
Slowking,NULL,NULL,12,NULL,NULL,NULL,NULL,NULL,NULL,NULL,NULL,NULL,NULL,NULL,NULL,199
Misdreavus,NULL,NULL,0,NULL,NULL,NULL,NULL,NULL,NULL,NULL,NULL,NULL,NULL,NULL,NULL,200
Unown,NULL,NULL,0,NULL,NULL,NULL,NULL,NULL,NULL,0,0,0,0,0,1,201
wobbuffet,NULL,NULL,0,NULL,NULL,NULL,NULL,NULL,NULL,NULL,NULL,NULL,NULL,NULL,NULL,202
Girafarig,NULL,NULL,3,NULL,NULL,NULL,NULL,NULL,NULL,NULL,NULL,NULL,NULL,NULL,NULL,203
Pineco,NULL,NULL,0,NULL,NULL,NULL,NULL,NULL,NULL,NULL,NULL,NULL,NULL,NULL,NULL,204
Forretress,NULL,NULL,2,NULL,NULL,NULL,NULL,NULL,NULL,-2,0,2,0,2,1,205
Dunsparce,NULL,NULL,3,NULL,NULL,NULL,NULL,NULL,NULL,-3,1,4,2,4,1,206
Gligar,NULL,NULL,3,NULL,NULL,NULL,NULL,NULL,NULL,0,0,0,0,0,1,207
Steelix,NULL,NULL,2,NULL,NULL,NULL,NULL,NULL,NULL,NULL,NULL,NULL,NULL,NULL,NULL,208
snubbull,NULL,NULL,0,NULL,NULL,NULL,NULL,NULL,NULL,NULL,NULL,NULL,NULL,NULL,NULL,209
Granbull,NULL,NULL,4,NULL,NULL,NULL,NULL,NULL,NULL,-2,2,4,2,6,2,210
Qwilfish,NULL,NULL,5,NULL,NULL,NULL,NULL,NULL,NULL,-3,2,5,2,7,2,211
Scizor,NULL,NULL,11,NULL,NULL,NULL,NULL,NULL,NULL,6,11,5,4,7,1,212
Shuckle,NULL,NULL,1,NULL,NULL,NULL,NULL,NULL,NULL,-4,1,5,3,7,2,213
Heracross,NULL,NULL,3,NULL,NULL,NULL,NULL,NULL,NULL,6,16,10,6,15,2,214
sneasel,NULL,NULL,6,NULL,NULL,NULL,NULL,NULL,NULL,-1,1,2,2,2,1,215
teddiursa,NULL,NULL,0,NULL,NULL,NULL,NULL,NULL,NULL,NULL,NULL,NULL,NULL,NULL,NULL,216
Ursaring,NULL,NULL,4,NULL,NULL,NULL,NULL,NULL,NULL,1,1,0,0,2,1,217
slugma,NULL,NULL,0,NULL,NULL,NULL,NULL,NULL,NULL,NULL,NULL,NULL,NULL,NULL,NULL,218
Magcargo,NULL,NULL,1,NULL,NULL,NULL,NULL,NULL,NULL,NULL,NULL,NULL,NULL,NULL,NULL,219
swinub,NULL,NULL,0,NULL,NULL,NULL,NULL,NULL,NULL,NULL,NULL,NULL,NULL,NULL,NULL,220
Piloswine,NULL,NULL,2,NULL,NULL,NULL,NULL,NULL,NULL,NULL,NULL,NULL,NULL,NULL,NULL,221
Corsola,NULL,NULL,0,NULL,NULL,NULL,NULL,NULL,NULL,NULL,NULL,NULL,NULL,NULL,NULL,222
Remoraid,NULL,NULL,0,NULL,NULL,NULL,NULL,NULL,NULL,NULL,NULL,NULL,NULL,NULL,NULL,223
Octillery,NULL,NULL,0,NULL,NULL,NULL,NULL,NULL,NULL,NULL,NULL,NULL,NULL,NULL,NULL,224
Delibird,NULL,NULL,0,NULL,NULL,NULL,NULL,NULL,NULL,NULL,NULL,NULL,NULL,NULL,NULL,225
Mantine,NULL,NULL,6,NULL,NULL,NULL,NULL,NULL,NULL,NULL,NULL,NULL,NULL,NULL,NULL,226
Skarmory,NULL,NULL,6,NULL,NULL,NULL,NULL,NULL,NULL,NULL,NULL,NULL,NULL,NULL,NULL,227
Houndour,NULL,NULL,0,NULL,NULL,NULL,NULL,NULL,NULL,NULL,NULL,NULL,NULL,NULL,NULL,228
Houndoom,NULL,NULL,3,NULL,NULL,NULL,NULL,NULL,NULL,NULL,NULL,NULL,NULL,NULL,NULL,229
Kingdra,NULL,NULL,15,NULL,NULL,NULL,NULL,NULL,NULL,-2,0,2,1,3,1,230
Phanpy,NULL,NULL,0,NULL,NULL,NULL,NULL,NULL,NULL,NULL,NULL,NULL,NULL,NULL,NULL,231
Donphan,NULL,NULL,2,NULL,NULL,NULL,NULL,NULL,NULL,NULL,NULL,NULL,NULL,NULL,NULL,232
Porygon2,NULL,NULL,18,NULL,NULL,NULL,NULL,NULL,NULL,NULL,NULL,NULL,NULL,NULL,NULL,233
Stantler,NULL,NULL,4,NULL,NULL,NULL,NULL,NULL,NULL,-5,1,6,0,6,1,234
Smeargle,NULL,NULL,11,NULL,NULL,NULL,NULL,NULL,NULL,-9,0,9,8,11,1,235
tyrogue,NULL,NULL,0,NULL,NULL,NULL,NULL,NULL,NULL,NULL,NULL,NULL,NULL,NULL,NULL,236
Hitmontop,NULL,NULL,15,NULL,NULL,NULL,NULL,NULL,NULL,NULL,NULL,NULL,NULL,NULL,NULL,237
smoochum,NULL,NULL,0,NULL,NULL,NULL,NULL,NULL,NULL,NULL,NULL,NULL,NULL,NULL,NULL,238
Elekid,NULL,NULL,0,NULL,NULL,NULL,NULL,NULL,NULL,NULL,NULL,NULL,NULL,NULL,NULL,239
Magby,NULL,NULL,0,NULL,NULL,NULL,NULL,NULL,NULL,NULL,NULL,NULL,NULL,NULL,NULL,240
Miltank,NULL,NULL,2,NULL,NULL,NULL,NULL,NULL,NULL,NULL,NULL,NULL,NULL,NULL,NULL,241
Blissey,NULL,NULL,3,NULL,NULL,NULL,NULL,NULL,NULL,NULL,NULL,NULL,NULL,NULL,NULL,242
Raikou,NULL,NULL,10,NULL,NULL,NULL,NULL,NULL,NULL,NULL,NULL,NULL,NULL,NULL,NULL,243
Entei,NULL,NULL,15,NULL,NULL,NULL,NULL,NULL,NULL,NULL,NULL,NULL,NULL,NULL,NULL,244
Suicune,NULL,NULL,12,NULL,NULL,NULL,NULL,NULL,NULL,3,5,2,1,3,1,245
Larvitar,NULL,NULL,0,NULL,NULL,NULL,NULL,NULL,NULL,NULL,NULL,NULL,NULL,NULL,NULL,246
Pupitar,NULL,NULL,0,NULL,NULL,NULL,NULL,NULL,NULL,NULL,NULL,NULL,NULL,NULL,NULL,247
Tyranitar,NULL,NULL,15,NULL,NULL,NULL,NULL,NULL,NULL,2,15,13,14,21,2,248
Lugia,NULL,NULL,0,NULL,NULL,NULL,NULL,NULL,NULL,NULL,NULL,NULL,NULL,NULL,NULL,249
Ho-Oh,NULL,NULL,21,NULL,NULL,NULL,NULL,NULL,NULL,2,6,4,4,4,2,250
Celebi,NULL,NULL,8,NULL,NULL,NULL,NULL,NULL,NULL,0,0,0,0,0,1,251
treecko,NULL,NULL,0,NULL,NULL,NULL,NULL,NULL,NULL,NULL,NULL,NULL,NULL,NULL,NULL,252
Grovyle,NULL,NULL,0,NULL,NULL,NULL,NULL,NULL,NULL,NULL,NULL,NULL,NULL,NULL,NULL,253
Sceptile,NULL,NULL,4,NULL,NULL,NULL,NULL,NULL,NULL,0,0,0,0,0,1,254
torchic,NULL,NULL,0,NULL,NULL,NULL,NULL,NULL,NULL,NULL,NULL,NULL,NULL,NULL,NULL,255
Combusken,NULL,NULL,0,NULL,NULL,NULL,NULL,NULL,NULL,NULL,NULL,NULL,NULL,NULL,NULL,256
Blaziken,NULL,NULL,12,NULL,NULL,NULL,NULL,NULL,NULL,2,9,7,9,17,3,257
Mudkip,NULL,NULL,0,NULL,NULL,NULL,NULL,NULL,NULL,NULL,NULL,NULL,NULL,NULL,NULL,258
Marshtomp,NULL,NULL,0,NULL,NULL,NULL,NULL,NULL,NULL,NULL,NULL,NULL,NULL,NULL,NULL,259
Swampert,NULL,NULL,8,NULL,NULL,NULL,NULL,NULL,NULL,3,9,6,8,11,2,260
Poochyena,NULL,NULL,0,NULL,NULL,NULL,NULL,NULL,NULL,NULL,NULL,NULL,NULL,NULL,NULL,261
Mightyena,NULL,NULL,1,NULL,NULL,NULL,NULL,NULL,NULL,NULL,NULL,NULL,NULL,NULL,NULL,262
zigzagoon,NULL,NULL,0,NULL,NULL,NULL,NULL,NULL,NULL,NULL,NULL,NULL,NULL,NULL,NULL,263
Linoone,NULL,NULL,2,NULL,NULL,NULL,NULL,NULL,NULL,NULL,NULL,NULL,NULL,NULL,NULL,264
wurmple,NULL,NULL,0,NULL,NULL,NULL,NULL,NULL,NULL,NULL,NULL,NULL,NULL,NULL,NULL,265
Silcoon,NULL,NULL,0,NULL,NULL,NULL,NULL,NULL,NULL,NULL,NULL,NULL,NULL,NULL,NULL,266
Beautifly,NULL,NULL,0,NULL,NULL,NULL,NULL,NULL,NULL,NULL,NULL,NULL,NULL,NULL,NULL,267
Cascoon,NULL,NULL,0,NULL,NULL,NULL,NULL,NULL,NULL,NULL,NULL,NULL,NULL,NULL,NULL,268
Dustox,NULL,NULL,0,NULL,NULL,NULL,NULL,NULL,NULL,NULL,NULL,NULL,NULL,NULL,NULL,269
Lotad,NULL,NULL,0,NULL,NULL,NULL,NULL,NULL,NULL,NULL,NULL,NULL,NULL,NULL,NULL,270
Lombre,NULL,NULL,0,NULL,NULL,NULL,NULL,NULL,NULL,NULL,NULL,NULL,NULL,NULL,NULL,271
Ludicolo,NULL,NULL,14,NULL,NULL,NULL,NULL,NULL,NULL,0,0,0,0,0,1,272
Seedot,NULL,NULL,0,NULL,NULL,NULL,NULL,NULL,NULL,NULL,NULL,NULL,NULL,NULL,NULL,273
Nuzleaf,NULL,NULL,0,NULL,NULL,NULL,NULL,NULL,NULL,NULL,NULL,NULL,NULL,NULL,NULL,274
Shiftry,NULL,NULL,8,NULL,NULL,NULL,NULL,NULL,NULL,-2,4,6,7,10,2,275
taillow,NULL,NULL,0,NULL,NULL,NULL,NULL,NULL,NULL,NULL,NULL,NULL,NULL,NULL,NULL,276
Swellow,NULL,NULL,4,NULL,NULL,NULL,NULL,NULL,NULL,-1,8,9,6,14,2,277
wingull,NULL,NULL,0,NULL,NULL,NULL,NULL,NULL,NULL,NULL,NULL,NULL,NULL,NULL,NULL,278
Pelipper,NULL,NULL,18,NULL,NULL,NULL,NULL,NULL,NULL,-1,5,6,6,11,2,279
Ralts,NULL,NULL,0,NULL,NULL,NULL,NULL,NULL,NULL,NULL,NULL,NULL,NULL,NULL,NULL,280
Kirlia,NULL,NULL,0,NULL,NULL,NULL,NULL,NULL,NULL,NULL,NULL,NULL,NULL,NULL,NULL,281
Gardevoir,NULL,NULL,6,NULL,NULL,NULL,NULL,NULL,NULL,10,34,24,12,17,4,282
surskit,NULL,NULL,0,NULL,NULL,NULL,NULL,NULL,NULL,NULL,NULL,NULL,NULL,NULL,NULL,283
Masquerain,NULL,NULL,1,NULL,NULL,NULL,NULL,NULL,NULL,-4,3,7,5,9,3,284
Shroomish,NULL,NULL,0,NULL,NULL,NULL,NULL,NULL,NULL,NULL,NULL,NULL,NULL,NULL,NULL,285
Breloom,NULL,NULL,10,NULL,NULL,NULL,NULL,NULL,NULL,NULL,NULL,NULL,NULL,NULL,NULL,286
slakoth,NULL,NULL,0,NULL,NULL,NULL,NULL,NULL,NULL,NULL,NULL,NULL,NULL,NULL,NULL,287
vigoroth,NULL,NULL,0,NULL,NULL,NULL,NULL,NULL,NULL,NULL,NULL,NULL,NULL,NULL,NULL,288
Slaking,NULL,NULL,1,NULL,NULL,NULL,NULL,NULL,NULL,4,13,9,3,13,1,289
Nincada,NULL,NULL,0,NULL,NULL,NULL,NULL,NULL,NULL,NULL,NULL,NULL,NULL,NULL,NULL,290
Ninjask,NULL,NULL,1,NULL,NULL,NULL,NULL,NULL,NULL,-7,1,8,1,8,1,291
Shedinja,NULL,NULL,1,NULL,NULL,NULL,NULL,NULL,NULL,1,4,3,2,5,1,292
whismur,NULL,NULL,0,NULL,NULL,NULL,NULL,NULL,NULL,NULL,NULL,NULL,NULL,NULL,NULL,293
Loudred,NULL,NULL,0,NULL,NULL,NULL,NULL,NULL,NULL,NULL,NULL,NULL,NULL,NULL,NULL,294
Exploud,NULL,NULL,3,NULL,NULL,NULL,NULL,NULL,NULL,NULL,NULL,NULL,NULL,NULL,NULL,295
Makuhita,NULL,NULL,0,NULL,NULL,NULL,NULL,NULL,NULL,NULL,NULL,NULL,NULL,NULL,NULL,296
Hariyama,NULL,NULL,14,NULL,NULL,NULL,NULL,NULL,NULL,NULL,NULL,NULL,NULL,NULL,NULL,297
Azurill,NULL,NULL,0,NULL,NULL,NULL,NULL,NULL,NULL,NULL,NULL,NULL,NULL,NULL,NULL,298
Nosepass,NULL,NULL,0,NULL,NULL,NULL,NULL,NULL,NULL,NULL,NULL,NULL,NULL,NULL,NULL,299
Skitty,NULL,NULL,0,NULL,NULL,NULL,NULL,NULL,NULL,NULL,NULL,NULL,NULL,NULL,NULL,300
Delcatty,NULL,NULL,0,NULL,NULL,NULL,NULL,NULL,NULL,-4,0,4,0,4,1,301
Sableye,NULL,NULL,9,NULL,NULL,NULL,NULL,NULL,NULL,-2,10,12,13,22,2,302
Mawile,NULL,NULL,1,NULL,NULL,NULL,NULL,NULL,NULL,0,6,6,2,9,3,303
Aron,NULL,NULL,0,NULL,NULL,NULL,NULL,NULL,NULL,NULL,NULL,NULL,NULL,NULL,NULL,304
Lairon,NULL,NULL,0,NULL,NULL,NULL,NULL,NULL,NULL,NULL,NULL,NULL,NULL,NULL,NULL,305
Aggron,NULL,NULL,3,NULL,NULL,NULL,NULL,NULL,NULL,4,9,5,7,13,2,306
Meditite,NULL,NULL,0,NULL,NULL,NULL,NULL,NULL,NULL,NULL,NULL,NULL,NULL,NULL,NULL,307
Medicham,NULL,NULL,6,NULL,NULL,NULL,NULL,NULL,NULL,NULL,NULL,NULL,NULL,NULL,NULL,308
Electrike,NULL,NULL,0,NULL,NULL,NULL,NULL,NULL,NULL,NULL,NULL,NULL,NULL,NULL,NULL,309
Manectric,NULL,NULL,3,NULL,NULL,NULL,NULL,NULL,NULL,-2,3,5,0,3,1,310
Plusle,NULL,NULL,1,NULL,NULL,NULL,NULL,NULL,NULL,0,0,0,0,0,1,311
Minun,NULL,NULL,0,NULL,NULL,NULL,NULL,NULL,NULL,0,0,0,0,0,1,312
Volbeat,NULL,NULL,6,NULL,NULL,NULL,NULL,NULL,NULL,-5,3,8,3,9,1,313
Illumise,NULL,NULL,6,NULL,NULL,NULL,NULL,NULL,NULL,NULL,NULL,NULL,NULL,NULL,NULL,314
Roselia,NULL,NULL,0,NULL,NULL,NULL,NULL,NULL,NULL,NULL,NULL,NULL,NULL,NULL,NULL,315
Gulpin,NULL,NULL,0,NULL,NULL,NULL,NULL,NULL,NULL,NULL,NULL,NULL,NULL,NULL,NULL,316
Swalot,NULL,NULL,1,NULL,NULL,NULL,NULL,NULL,NULL,NULL,NULL,NULL,NULL,NULL,NULL,317
Carvanha,NULL,NULL,0,NULL,NULL,NULL,NULL,NULL,NULL,NULL,NULL,NULL,NULL,NULL,NULL,318
Sharpedo,NULL,NULL,5,NULL,NULL,NULL,NULL,NULL,NULL,NULL,NULL,NULL,NULL,NULL,NULL,319
wailmer,NULL,NULL,0,NULL,NULL,NULL,NULL,NULL,NULL,NULL,NULL,NULL,NULL,NULL,NULL,320
Wailord,NULL,NULL,0,NULL,NULL,NULL,NULL,NULL,NULL,-2,0,2,0,2,1,321
Numel,NULL,NULL,0,NULL,NULL,NULL,NULL,NULL,NULL,NULL,NULL,NULL,NULL,NULL,NULL,322
camerupt,NULL,NULL,2,NULL,NULL,NULL,NULL,NULL,NULL,9,17,8,5,10,2,323
Torkoal,NULL,NULL,19,NULL,NULL,NULL,NULL,NULL,NULL,8,9,1,18,18,2,324
spoink,NULL,NULL,0,NULL,NULL,NULL,NULL,NULL,NULL,NULL,NULL,NULL,NULL,NULL,NULL,325
Grumpig,NULL,NULL,2,NULL,NULL,NULL,NULL,NULL,NULL,NULL,NULL,NULL,NULL,NULL,NULL,326
Spinda,NULL,NULL,1,NULL,NULL,NULL,NULL,NULL,NULL,-2,1,3,2,4,1,327
trapinch,NULL,NULL,0,NULL,NULL,NULL,NULL,NULL,NULL,NULL,NULL,NULL,NULL,NULL,NULL,328
vibrava,NULL,NULL,0,NULL,NULL,NULL,NULL,NULL,NULL,NULL,NULL,NULL,NULL,NULL,NULL,329
Flygon,NULL,NULL,4,NULL,NULL,NULL,NULL,NULL,NULL,NULL,NULL,NULL,NULL,NULL,NULL,330
Cacnea,NULL,NULL,0,NULL,NULL,NULL,NULL,NULL,NULL,NULL,NULL,NULL,NULL,NULL,NULL,331
Cacturne,NULL,NULL,1,NULL,NULL,NULL,NULL,NULL,NULL,NULL,NULL,NULL,NULL,NULL,NULL,332
swablu,NULL,NULL,0,NULL,NULL,NULL,NULL,NULL,NULL,NULL,NULL,NULL,NULL,NULL,NULL,333
Altaria,NULL,NULL,2,NULL,NULL,NULL,NULL,NULL,NULL,-2,0,2,0,2,1,334
Zangoose,NULL,NULL,3,NULL,NULL,NULL,NULL,NULL,NULL,NULL,NULL,NULL,NULL,NULL,NULL,335
Seviper,NULL,NULL,1,NULL,NULL,NULL,NULL,NULL,NULL,NULL,NULL,NULL,NULL,NULL,NULL,336
Lunatone,NULL,NULL,1,NULL,NULL,NULL,NULL,NULL,NULL,NULL,NULL,NULL,NULL,NULL,NULL,337
Solrock,NULL,NULL,1,NULL,NULL,NULL,NULL,NULL,NULL,NULL,NULL,NULL,NULL,NULL,NULL,338
Barboach,NULL,NULL,0,NULL,NULL,NULL,NULL,NULL,NULL,NULL,NULL,NULL,NULL,NULL,NULL,339
Whiscash,NULL,NULL,1,NULL,NULL,NULL,NULL,NULL,NULL,NULL,NULL,NULL,NULL,NULL,NULL,340
Corphish,NULL,NULL,0,NULL,NULL,NULL,NULL,NULL,NULL,NULL,NULL,NULL,NULL,NULL,NULL,341
Crawdaunt,NULL,NULL,6,NULL,NULL,NULL,NULL,NULL,NULL,5,10,5,5,9,2,342
Baltoy,NULL,NULL,0,NULL,NULL,NULL,NULL,NULL,NULL,NULL,NULL,NULL,NULL,NULL,NULL,343
Claydol,NULL,NULL,1,NULL,NULL,NULL,NULL,NULL,NULL,NULL,NULL,NULL,NULL,NULL,NULL,344
Lileep,NULL,NULL,0,NULL,NULL,NULL,NULL,NULL,NULL,NULL,NULL,NULL,NULL,NULL,NULL,345
Cradily,NULL,NULL,7,NULL,NULL,NULL,NULL,NULL,NULL,NULL,NULL,NULL,NULL,NULL,NULL,346
Anorith,NULL,NULL,0,NULL,NULL,NULL,NULL,NULL,NULL,NULL,NULL,NULL,NULL,NULL,NULL,347
Armaldo,NULL,NULL,2,NULL,NULL,NULL,NULL,NULL,NULL,NULL,NULL,NULL,NULL,NULL,NULL,348
Feebas,NULL,NULL,0,NULL,NULL,NULL,NULL,NULL,NULL,NULL,NULL,NULL,NULL,NULL,NULL,349
Milotic,NULL,NULL,13,NULL,NULL,NULL,NULL,NULL,NULL,5,5,0,4,4,1,350
Castform,NULL,NULL,0,NULL,NULL,NULL,NULL,NULL,NULL,NULL,NULL,NULL,NULL,NULL,NULL,351
Kecleon,NULL,NULL,2,NULL,NULL,NULL,NULL,NULL,NULL,NULL,NULL,NULL,NULL,NULL,NULL,352
Shuppet,NULL,NULL,0,NULL,NULL,NULL,NULL,NULL,NULL,NULL,NULL,NULL,NULL,NULL,NULL,353
Banette,NULL,NULL,0,NULL,NULL,NULL,NULL,NULL,NULL,-3,1,4,0,4,1,354
Duskull,NULL,NULL,0,NULL,NULL,NULL,NULL,NULL,NULL,NULL,NULL,NULL,NULL,NULL,NULL,355
Dusclops,NULL,NULL,12,NULL,NULL,NULL,NULL,NULL,NULL,2,5,3,4,5,1,356
Tropius,NULL,NULL,1,NULL,NULL,NULL,NULL,NULL,NULL,NULL,NULL,NULL,NULL,NULL,NULL,357
Chimecho,NULL,NULL,0,NULL,NULL,NULL,NULL,NULL,NULL,0,0,0,0,0,1,358
Absol,NULL,NULL,2,NULL,NULL,NULL,NULL,NULL,NULL,NULL,NULL,NULL,NULL,NULL,NULL,359
wynaut,NULL,NULL,0,NULL,NULL,NULL,NULL,NULL,NULL,NULL,NULL,NULL,NULL,NULL,NULL,360
snorunt,NULL,NULL,0,NULL,NULL,NULL,NULL,NULL,NULL,NULL,NULL,NULL,NULL,NULL,NULL,361
Glalie,NULL,NULL,0,NULL,NULL,NULL,NULL,NULL,NULL,NULL,NULL,NULL,NULL,NULL,NULL,362
spheal,NULL,NULL,0,NULL,NULL,NULL,NULL,NULL,NULL,NULL,NULL,NULL,NULL,NULL,NULL,363
Sealeo,NULL,NULL,0,NULL,NULL,NULL,NULL,NULL,NULL,NULL,NULL,NULL,NULL,NULL,NULL,364
Walrein,NULL,NULL,1,NULL,NULL,NULL,NULL,NULL,NULL,NULL,NULL,NULL,NULL,NULL,NULL,365
Clamperl,NULL,NULL,0,NULL,NULL,NULL,NULL,NULL,NULL,NULL,NULL,NULL,NULL,NULL,NULL,366
Huntail,NULL,NULL,3,NULL,NULL,NULL,NULL,NULL,NULL,NULL,NULL,NULL,NULL,NULL,NULL,367
Gorebyss,NULL,NULL,4,NULL,NULL,NULL,NULL,NULL,NULL,NULL,NULL,NULL,NULL,NULL,NULL,368
Relicanth,NULL,NULL,1,NULL,NULL,NULL,NULL,NULL,NULL,NULL,NULL,NULL,NULL,NULL,NULL,369
Luvdisc,NULL,NULL,0,NULL,NULL,NULL,NULL,NULL,NULL,NULL,NULL,NULL,NULL,NULL,NULL,370
Bagon,NULL,NULL,0,NULL,NULL,NULL,NULL,NULL,NULL,NULL,NULL,NULL,NULL,NULL,NULL,371
Shelgon,NULL,NULL,0,NULL,NULL,NULL,NULL,NULL,NULL,NULL,NULL,NULL,NULL,NULL,NULL,372
Salamence,NULL,NULL,11,NULL,NULL,NULL,NULL,NULL,NULL,0,14,14,9,19,3,373
Beldum,NULL,NULL,0,NULL,NULL,NULL,NULL,NULL,NULL,NULL,NULL,NULL,NULL,NULL,NULL,374
Metang,NULL,NULL,0,NULL,NULL,NULL,NULL,NULL,NULL,NULL,NULL,NULL,NULL,NULL,NULL,375
Metagross,NULL,NULL,12,NULL,NULL,NULL,NULL,NULL,NULL,10,11,1,4,5,1,376
Regirock,NULL,NULL,4,NULL,NULL,NULL,NULL,NULL,NULL,-3,1,4,2,5,1,377
Regice,NULL,NULL,2,NULL,NULL,NULL,NULL,NULL,NULL,NULL,NULL,NULL,NULL,NULL,NULL,378
Registeel,NULL,NULL,9,NULL,NULL,NULL,NULL,NULL,NULL,NULL,NULL,NULL,NULL,NULL,NULL,379
Latias,NULL,NULL,14,NULL,NULL,NULL,NULL,NULL,NULL,NULL,NULL,NULL,NULL,NULL,NULL,380
Latios,NULL,NULL,15,NULL,NULL,NULL,NULL,NULL,NULL,NULL,NULL,NULL,NULL,NULL,NULL,381
Kyogre,NULL,NULL,21,NULL,NULL,NULL,NULL,NULL,NULL,2,10,8,2,8,1,382
Groudon,NULL,NULL,20,NULL,NULL,NULL,NULL,NULL,NULL,36,39,3,14,14,1,383
Rayquaza,NULL,NULL,0,NULL,NULL,NULL,NULL,NULL,NULL,NULL,NULL,NULL,NULL,NULL,NULL,384
Jirachi,NULL,NULL,21,NULL,NULL,NULL,NULL,NULL,NULL,-3,1,4,2,5,1,385
Deoxys,NULL,NULL,14,NULL,NULL,NULL,NULL,NULL,NULL,-4,3,7,4,11,2,386
turtwig,NULL,NULL,0,NULL,NULL,NULL,NULL,NULL,NULL,NULL,NULL,NULL,NULL,NULL,NULL,387
Grotle,NULL,NULL,0,NULL,NULL,NULL,NULL,NULL,NULL,NULL,NULL,NULL,NULL,NULL,NULL,388
Torterra,NULL,NULL,2,NULL,NULL,NULL,NULL,NULL,NULL,NULL,NULL,NULL,NULL,NULL,NULL,389
Chimchar,NULL,NULL,0,NULL,NULL,NULL,NULL,NULL,NULL,NULL,NULL,NULL,NULL,NULL,NULL,390
Monferno,NULL,NULL,0,NULL,NULL,NULL,NULL,NULL,NULL,NULL,NULL,NULL,NULL,NULL,NULL,391
Infernape,NULL,NULL,10,NULL,NULL,NULL,NULL,NULL,NULL,1,2,1,5,3,2,392
Piplup,NULL,NULL,0,NULL,NULL,NULL,NULL,NULL,NULL,0,0,0,0,0,1,393
Prinplup,NULL,NULL,0,NULL,NULL,NULL,NULL,NULL,NULL,NULL,NULL,NULL,NULL,NULL,NULL,394
Empoleon,NULL,NULL,12,NULL,NULL,NULL,NULL,NULL,NULL,NULL,NULL,NULL,NULL,NULL,NULL,395
starly,NULL,NULL,0,NULL,NULL,NULL,NULL,NULL,NULL,NULL,NULL,NULL,NULL,NULL,NULL,396
staravia,NULL,NULL,0,NULL,NULL,NULL,NULL,NULL,NULL,NULL,NULL,NULL,NULL,NULL,NULL,397
staraptor,NULL,NULL,10,NULL,NULL,NULL,NULL,NULL,NULL,3,9,6,4,11,2,398
Bidoof,NULL,NULL,0,NULL,NULL,NULL,NULL,NULL,NULL,NULL,NULL,NULL,NULL,NULL,NULL,399
Bibarel,NULL,NULL,1,NULL,NULL,NULL,NULL,NULL,NULL,NULL,NULL,NULL,NULL,NULL,NULL,400
Kricketot,NULL,NULL,0,NULL,NULL,NULL,NULL,NULL,NULL,NULL,NULL,NULL,NULL,NULL,NULL,401
Kricketune,NULL,NULL,1,NULL,NULL,NULL,NULL,NULL,NULL,-2,0,2,0,2,1,402
Shinx,NULL,NULL,0,NULL,NULL,NULL,NULL,NULL,NULL,NULL,NULL,NULL,NULL,NULL,NULL,403
Luxio,NULL,NULL,0,NULL,NULL,NULL,NULL,NULL,NULL,NULL,NULL,NULL,NULL,NULL,NULL,404
Luxray,NULL,NULL,3,NULL,NULL,NULL,NULL,NULL,NULL,NULL,NULL,NULL,NULL,NULL,NULL,405
Budew,NULL,NULL,0,NULL,NULL,NULL,NULL,NULL,NULL,NULL,NULL,NULL,NULL,NULL,NULL,406
Roserade,NULL,NULL,8,NULL,NULL,NULL,NULL,NULL,NULL,-2,0,2,0,2,1,407
Cranidos,NULL,NULL,0,NULL,NULL,NULL,NULL,NULL,NULL,NULL,NULL,NULL,NULL,NULL,NULL,408
Rampardos,NULL,NULL,3,NULL,NULL,NULL,NULL,NULL,NULL,NULL,NULL,NULL,NULL,NULL,NULL,409
Shieldon,NULL,NULL,0,NULL,NULL,NULL,NULL,NULL,NULL,NULL,NULL,NULL,NULL,NULL,NULL,410
Bastiodon,NULL,NULL,0,NULL,NULL,NULL,NULL,NULL,NULL,NULL,NULL,NULL,NULL,NULL,NULL,411
Burmy,NULL,NULL,0,NULL,NULL,NULL,NULL,NULL,NULL,NULL,NULL,NULL,NULL,NULL,NULL,412
Wormadam-Plant,NULL,NULL,1,NULL,NULL,NULL,NULL,NULL,NULL,NULL,NULL,NULL,NULL,NULL,NULL,413
Mothim,NULL,NULL,0,NULL,NULL,NULL,NULL,NULL,NULL,NULL,NULL,NULL,NULL,NULL,NULL,414
Combee,NULL,NULL,0,NULL,NULL,NULL,NULL,NULL,NULL,NULL,NULL,NULL,NULL,NULL,NULL,415
Vespiquen,NULL,NULL,1,NULL,NULL,NULL,NULL,NULL,NULL,NULL,NULL,NULL,NULL,NULL,NULL,416
Pachirisu,NULL,NULL,5,NULL,NULL,NULL,NULL,NULL,NULL,1,16,15,3,15,3,417
Buizel,NULL,NULL,0,NULL,NULL,NULL,NULL,NULL,NULL,NULL,NULL,NULL,NULL,NULL,NULL,418
Floatzel,NULL,NULL,12,NULL,NULL,NULL,NULL,NULL,NULL,NULL,NULL,NULL,NULL,NULL,NULL,419
Cherubi,NULL,NULL,0,NULL,NULL,NULL,NULL,NULL,NULL,NULL,NULL,NULL,NULL,NULL,NULL,420
Cherrim,NULL,NULL,2,NULL,NULL,NULL,NULL,NULL,NULL,NULL,NULL,NULL,NULL,NULL,NULL,421
Shellos,NULL,NULL,0,NULL,NULL,NULL,NULL,NULL,NULL,NULL,NULL,NULL,NULL,NULL,NULL,422
Gastrodon,NULL,NULL,12,NULL,NULL,NULL,NULL,NULL,NULL,-5,9,14,7,20,3,423
Ambipom,NULL,NULL,9,NULL,NULL,NULL,NULL,NULL,NULL,-2,17,19,10,23,2,424
Drifloon,NULL,NULL,0,NULL,NULL,NULL,NULL,NULL,NULL,NULL,NULL,NULL,NULL,NULL,NULL,425
Drifblim,NULL,NULL,8,NULL,NULL,NULL,NULL,NULL,NULL,7,11,4,5,8,2,426
Buneary,NULL,NULL,0,NULL,NULL,NULL,NULL,NULL,NULL,NULL,NULL,NULL,NULL,NULL,NULL,427
Lopunny,NULL,NULL,4,NULL,NULL,NULL,NULL,NULL,NULL,-5,5,10,6,11,1,428
Mismagius,NULL,NULL,3,NULL,NULL,NULL,NULL,NULL,NULL,NULL,NULL,NULL,NULL,NULL,NULL,429
Honchkrow,NULL,NULL,2,NULL,NULL,NULL,NULL,NULL,NULL,-4,2,6,0,6,1,430
Glameow,NULL,NULL,0,NULL,NULL,NULL,NULL,NULL,NULL,NULL,NULL,NULL,NULL,NULL,NULL,431
Purugly,NULL,NULL,2,NULL,NULL,NULL,NULL,NULL,NULL,NULL,NULL,NULL,NULL,NULL,NULL,432
Chingling,NULL,NULL,0,NULL,NULL,NULL,NULL,NULL,NULL,0,0,0,0,0,1,433
stunky,NULL,NULL,0,NULL,NULL,NULL,NULL,NULL,NULL,NULL,NULL,NULL,NULL,NULL,NULL,434
Skuntank,NULL,NULL,2,NULL,NULL,NULL,NULL,NULL,NULL,-6,3,9,4,9,1,435
Bronzor,NULL,NULL,0,NULL,NULL,NULL,NULL,NULL,NULL,NULL,NULL,NULL,NULL,NULL,NULL,436
Bronzong,NULL,NULL,14,NULL,NULL,NULL,NULL,NULL,NULL,2,10,8,7,12,3,437
Bonsly,NULL,NULL,0,NULL,NULL,NULL,NULL,NULL,NULL,NULL,NULL,NULL,NULL,NULL,NULL,438
"Mime Jr.",NULL,NULL,0,NULL,NULL,NULL,NULL,NULL,NULL,NULL,NULL,NULL,NULL,NULL,NULL,439
Happiny,NULL,NULL,0,NULL,NULL,NULL,NULL,NULL,NULL,NULL,NULL,NULL,NULL,NULL,NULL,440
Chatot,NULL,NULL,4,NULL,NULL,NULL,NULL,NULL,NULL,NULL,NULL,NULL,NULL,NULL,NULL,441
Spiritomb,NULL,NULL,2,NULL,NULL,NULL,NULL,NULL,NULL,NULL,NULL,NULL,NULL,NULL,NULL,442
Gible,NULL,NULL,0,NULL,NULL,NULL,NULL,NULL,NULL,NULL,NULL,NULL,NULL,NULL,NULL,443
Gabite,NULL,NULL,0,NULL,NULL,NULL,NULL,NULL,NULL,NULL,NULL,NULL,NULL,NULL,NULL,444
Garchomp,NULL,NULL,14,NULL,NULL,NULL,NULL,NULL,NULL,-5,14,19,4,22,3,445
Munchlax,NULL,NULL,0,NULL,NULL,NULL,NULL,NULL,NULL,NULL,NULL,NULL,NULL,NULL,NULL,446
Riolu,NULL,NULL,3,NULL,NULL,NULL,NULL,NULL,NULL,-1,2,3,0,4,1,447
Lucario,NULL,NULL,6,NULL,NULL,NULL,NULL,NULL,NULL,0,7,7,6,9,1,448
Hippopotas,NULL,NULL,2,NULL,NULL,NULL,NULL,NULL,NULL,NULL,NULL,NULL,NULL,NULL,NULL,449
Hippowdon,NULL,NULL,11,NULL,NULL,NULL,NULL,NULL,NULL,NULL,NULL,NULL,NULL,NULL,NULL,450
skorupi,NULL,NULL,0,NULL,NULL,NULL,NULL,NULL,NULL,NULL,NULL,NULL,NULL,NULL,NULL,451
Drapion,NULL,NULL,2,NULL,NULL,NULL,NULL,NULL,NULL,NULL,NULL,NULL,NULL,NULL,NULL,452
Croagunk,NULL,NULL,0,NULL,NULL,NULL,NULL,NULL,NULL,NULL,NULL,NULL,NULL,NULL,NULL,453
toxicroak,NULL,NULL,6,NULL,NULL,NULL,NULL,NULL,NULL,1,1,0,4,4,1,454
Carnivine,NULL,NULL,0,NULL,NULL,NULL,NULL,NULL,NULL,NULL,NULL,NULL,NULL,NULL,NULL,455
Finneon,NULL,NULL,0,NULL,NULL,NULL,NULL,NULL,NULL,NULL,NULL,NULL,NULL,NULL,NULL,456
Lumineon,NULL,NULL,3,NULL,NULL,NULL,NULL,NULL,NULL,NULL,NULL,NULL,NULL,NULL,NULL,457
Mantyke,NULL,NULL,0,NULL,NULL,NULL,NULL,NULL,NULL,NULL,NULL,NULL,NULL,NULL,NULL,458
snover,NULL,NULL,0,NULL,NULL,NULL,NULL,NULL,NULL,NULL,NULL,NULL,NULL,NULL,NULL,459
Abomasnow,NULL,NULL,10,NULL,NULL,NULL,NULL,NULL,NULL,1,12,11,5,12,2,460
Weavile,NULL,NULL,11,NULL,NULL,NULL,NULL,NULL,NULL,NULL,NULL,NULL,NULL,NULL,NULL,461
Magnezone,NULL,NULL,7,NULL,NULL,NULL,NULL,NULL,NULL,1,2,1,0,2,1,462
Lickilicky,NULL,NULL,3,NULL,NULL,NULL,NULL,NULL,NULL,NULL,NULL,NULL,NULL,NULL,NULL,463
Rhyperior,NULL,NULL,7,NULL,NULL,NULL,NULL,NULL,NULL,-2,4,6,5,10,1,464
Tangrowth,NULL,NULL,8,NULL,NULL,NULL,NULL,NULL,NULL,-4,0,4,4,6,2,465
Electivire,NULL,NULL,4,NULL,NULL,NULL,NULL,NULL,NULL,NULL,NULL,NULL,NULL,NULL,NULL,466
Magmortar,NULL,NULL,9,NULL,NULL,NULL,NULL,NULL,NULL,3,10,7,7,9,2,467
Togekiss,NULL,NULL,14,NULL,NULL,NULL,NULL,NULL,NULL,4,5,1,2,2,1,468
Yanmega,NULL,NULL,3,NULL,NULL,NULL,NULL,NULL,NULL,1,1,0,2,2,1,469
Leafeon,NULL,NULL,3,NULL,NULL,NULL,NULL,NULL,NULL,NULL,NULL,NULL,NULL,NULL,NULL,470
Glaceon,NULL,NULL,4,NULL,NULL,NULL,NULL,NULL,NULL,NULL,NULL,NULL,NULL,NULL,NULL,471
Gliscor,NULL,NULL,7,NULL,NULL,NULL,NULL,NULL,NULL,-1,4,5,6,10,1,472
Mamoswine,NULL,NULL,11,NULL,NULL,NULL,NULL,NULL,NULL,NULL,NULL,NULL,NULL,NULL,NULL,473
PorygonZ,NULL,NULL,8,NULL,NULL,NULL,NULL,NULL,NULL,0,0,0,0,0,1,474
Gallade,NULL,NULL,10,NULL,NULL,NULL,NULL,NULL,NULL,1,6,5,2,6,2,475
Probopass,NULL,NULL,0,NULL,NULL,NULL,NULL,NULL,NULL,NULL,NULL,NULL,NULL,NULL,NULL,476
Dusknoir,NULL,NULL,6,NULL,NULL,NULL,NULL,NULL,NULL,0,0,0,0,0,2,477
Froslass,NULL,NULL,2,NULL,NULL,NULL,NULL,NULL,NULL,NULL,NULL,NULL,NULL,NULL,NULL,478
Rotom,NULL,NULL,8,NULL,NULL,NULL,NULL,NULL,NULL,NULL,NULL,NULL,NULL,NULL,NULL,479
Uxie,NULL,NULL,7,NULL,NULL,NULL,NULL,NULL,NULL,NULL,NULL,NULL,NULL,NULL,NULL,480
Mesprit,NULL,NULL,0,NULL,NULL,NULL,NULL,NULL,NULL,NULL,NULL,NULL,NULL,NULL,NULL,481
Azelf,NULL,NULL,11,NULL,NULL,NULL,NULL,NULL,NULL,NULL,NULL,NULL,NULL,NULL,NULL,482
Dialga,NULL,NULL,0,NULL,NULL,NULL,NULL,NULL,NULL,NULL,NULL,NULL,NULL,NULL,NULL,483
Palkia,NULL,NULL,19,NULL,NULL,NULL,NULL,NULL,NULL,0,0,0,0,0,1,484
Heatran,NULL,NULL,15,NULL,NULL,NULL,NULL,NULL,NULL,0,0,0,0,0,1,485
Regigigas,NULL,NULL,4,NULL,NULL,NULL,NULL,NULL,NULL,1,10,9,8,17,2,486
Giratina,NULL,NULL,16,NULL,NULL,NULL,NULL,NULL,NULL,-2,0,2,0,2,1,487
Cresselia,NULL,NULL,17,NULL,NULL,NULL,NULL,NULL,NULL,-4,1,5,0,3,1,488
Phione,NULL,NULL,0,NULL,NULL,NULL,NULL,NULL,NULL,NULL,NULL,NULL,NULL,NULL,NULL,489
Manaphy,NULL,NULL,14,NULL,NULL,NULL,NULL,NULL,NULL,NULL,NULL,NULL,NULL,NULL,NULL,490
Darkrai,NULL,NULL,15,NULL,NULL,NULL,NULL,NULL,NULL,NULL,NULL,NULL,NULL,NULL,NULL,491
Shaymin,NULL,NULL,10,NULL,NULL,NULL,NULL,NULL,NULL,NULL,NULL,NULL,NULL,NULL,NULL,492
Arceus,NULL,NULL,21,NULL,NULL,NULL,NULL,NULL,NULL,NULL,NULL,NULL,NULL,NULL,NULL,493
Victini,NULL,NULL,15,NULL,NULL,NULL,NULL,NULL,NULL,0,0,0,0,0,1,494
snivy,NULL,NULL,0,NULL,NULL,NULL,NULL,NULL,NULL,NULL,NULL,NULL,NULL,NULL,NULL,495
Servine,NULL,NULL,0,NULL,NULL,NULL,NULL,NULL,NULL,NULL,NULL,NULL,NULL,NULL,NULL,496
Serperior,NULL,NULL,9,NULL,NULL,NULL,NULL,NULL,NULL,-1,3,4,4,6,2,497
tepig,NULL,NULL,0,NULL,NULL,NULL,NULL,NULL,NULL,NULL,NULL,NULL,NULL,NULL,NULL,498
Pignite,NULL,NULL,0,NULL,NULL,NULL,NULL,NULL,NULL,NULL,NULL,NULL,NULL,NULL,NULL,499
Emboar,NULL,NULL,6,NULL,NULL,NULL,NULL,NULL,NULL,NULL,NULL,NULL,NULL,NULL,NULL,500
Oshawott,NULL,NULL,0,NULL,NULL,NULL,NULL,NULL,NULL,NULL,NULL,NULL,NULL,NULL,NULL,501
Dewott,NULL,NULL,0,NULL,NULL,NULL,NULL,NULL,NULL,NULL,NULL,NULL,NULL,NULL,NULL,502
Samurott,NULL,NULL,2,NULL,NULL,NULL,NULL,NULL,NULL,0,3,3,2,5,1,503
Patrat,NULL,NULL,0,NULL,NULL,NULL,NULL,NULL,NULL,NULL,NULL,NULL,NULL,NULL,NULL,504
watchog,NULL,NULL,0,NULL,NULL,NULL,NULL,NULL,NULL,NULL,NULL,NULL,NULL,NULL,NULL,505
Lillipup,NULL,NULL,0,NULL,NULL,NULL,NULL,NULL,NULL,NULL,NULL,NULL,NULL,NULL,NULL,506
Herdier,NULL,NULL,0,NULL,NULL,NULL,NULL,NULL,NULL,NULL,NULL,NULL,NULL,NULL,NULL,507
Stoutland,NULL,NULL,6,NULL,NULL,NULL,NULL,NULL,NULL,NULL,NULL,NULL,NULL,NULL,NULL,508
Purrloin,NULL,NULL,0,NULL,NULL,NULL,NULL,NULL,NULL,NULL,NULL,NULL,NULL,NULL,NULL,509
Liepard,NULL,NULL,8,NULL,NULL,NULL,NULL,NULL,NULL,NULL,NULL,NULL,NULL,NULL,NULL,510
Pansage,NULL,NULL,0,NULL,NULL,NULL,NULL,NULL,NULL,NULL,NULL,NULL,NULL,NULL,NULL,511
Simisage,NULL,NULL,2,NULL,NULL,NULL,NULL,NULL,NULL,NULL,NULL,NULL,NULL,NULL,NULL,512
Pansear,NULL,NULL,0,NULL,NULL,NULL,NULL,NULL,NULL,NULL,NULL,NULL,NULL,NULL,NULL,513
Simisear,NULL,NULL,3,NULL,NULL,NULL,NULL,NULL,NULL,NULL,NULL,NULL,NULL,NULL,NULL,514
Panpour,NULL,NULL,0,NULL,NULL,NULL,NULL,NULL,NULL,NULL,NULL,NULL,NULL,NULL,NULL,515
Simipour,NULL,NULL,3,NULL,NULL,NULL,NULL,NULL,NULL,NULL,NULL,NULL,NULL,NULL,NULL,516
Munna,NULL,NULL,0,NULL,NULL,NULL,NULL,NULL,NULL,NULL,NULL,NULL,NULL,NULL,NULL,517
Musharna,NULL,NULL,8,NULL,NULL,NULL,NULL,NULL,NULL,NULL,NULL,NULL,NULL,NULL,NULL,518
Pidove,NULL,NULL,0,NULL,NULL,NULL,NULL,NULL,NULL,NULL,NULL,NULL,NULL,NULL,NULL,519
tranquill,NULL,NULL,0,NULL,NULL,NULL,NULL,NULL,NULL,NULL,NULL,NULL,NULL,NULL,NULL,520
Unfezant,NULL,NULL,1,NULL,NULL,NULL,NULL,NULL,NULL,NULL,NULL,NULL,NULL,NULL,NULL,521
Blitzle,NULL,NULL,0,NULL,NULL,NULL,NULL,NULL,NULL,NULL,NULL,NULL,NULL,NULL,NULL,522
Zebstrika,NULL,2025,1,NULL,NULL,NULL,NULL,NULL,NULL,1,5,4,6,9,1,523
Roggenrola,NULL,NULL,0,NULL,NULL,NULL,NULL,NULL,NULL,NULL,NULL,NULL,NULL,NULL,NULL,524
Boldore,NULL,NULL,0,NULL,NULL,NULL,NULL,NULL,NULL,NULL,NULL,NULL,NULL,NULL,NULL,525
Gigalith,NULL,NULL,12,NULL,NULL,NULL,NULL,NULL,NULL,NULL,NULL,NULL,NULL,NULL,NULL,526
woobat,NULL,NULL,0,NULL,NULL,NULL,NULL,NULL,NULL,NULL,NULL,NULL,NULL,NULL,NULL,527
Swoobat,NULL,NULL,1,NULL,NULL,NULL,NULL,NULL,NULL,-4,2,6,2,6,1,528
Drilbur,NULL,NULL,0,NULL,NULL,NULL,NULL,NULL,NULL,NULL,NULL,NULL,NULL,NULL,NULL,529
Excadrill,NULL,NULL,15,NULL,NULL,NULL,NULL,NULL,NULL,5,13,8,7,12,2,530
Audino,NULL,NULL,5,NULL,NULL,NULL,NULL,NULL,NULL,0,0,0,2,2,2,531
timburr,NULL,NULL,0,NULL,NULL,NULL,NULL,NULL,NULL,NULL,NULL,NULL,NULL,NULL,NULL,532
Gurdurr,NULL,NULL,4,NULL,NULL,NULL,NULL,NULL,NULL,NULL,NULL,NULL,NULL,NULL,NULL,533
Conkeldurr,NULL,NULL,11,NULL,NULL,NULL,NULL,NULL,NULL,NULL,NULL,NULL,NULL,NULL,NULL,534
tympole,NULL,NULL,0,NULL,NULL,NULL,NULL,NULL,NULL,NULL,NULL,NULL,NULL,NULL,NULL,535
Palpitoad,NULL,NULL,0,NULL,NULL,NULL,NULL,NULL,NULL,NULL,NULL,NULL,NULL,NULL,NULL,536
seismitoad,NULL,NULL,10,NULL,NULL,NULL,NULL,NULL,NULL,-1,5,6,2,9,1,537
Throh,NULL,NULL,2,NULL,NULL,NULL,NULL,NULL,NULL,NULL,NULL,NULL,NULL,NULL,NULL,538
Sawk,NULL,NULL,3,NULL,NULL,NULL,NULL,NULL,NULL,NULL,NULL,NULL,NULL,NULL,NULL,539
Sewaddle,NULL,NULL,0,NULL,NULL,NULL,NULL,NULL,NULL,NULL,NULL,NULL,NULL,NULL,NULL,540
swadloon,NULL,NULL,0,NULL,NULL,NULL,NULL,NULL,NULL,NULL,NULL,NULL,NULL,NULL,NULL,541
Leavanny,NULL,NULL,2,NULL,NULL,NULL,NULL,NULL,NULL,2,2,0,2,2,1,542
venipede,NULL,NULL,0,NULL,NULL,NULL,NULL,NULL,NULL,NULL,NULL,NULL,NULL,NULL,NULL,543
whirlipede,NULL,NULL,0,NULL,NULL,NULL,NULL,NULL,NULL,NULL,NULL,NULL,NULL,NULL,NULL,544
Scolipede,NULL,NULL,5,NULL,NULL,NULL,NULL,NULL,NULL,NULL,NULL,NULL,NULL,NULL,NULL,545
Cottonee,NULL,NULL,5,NULL,NULL,NULL,NULL,NULL,NULL,NULL,NULL,NULL,NULL,NULL,NULL,546
Whimsicott,NULL,NULL,17,NULL,NULL,NULL,NULL,NULL,NULL,-9,2,11,8,12,1,547
Petilil,NULL,NULL,0,NULL,NULL,NULL,NULL,NULL,NULL,NULL,NULL,NULL,NULL,NULL,NULL,548
Lilligant,NULL,NULL,7,NULL,NULL,NULL,NULL,NULL,NULL,-4,1,5,5,10,2,549
Basculin,NULL,NULL,3,NULL,NULL,NULL,NULL,NULL,NULL,NULL,NULL,NULL,NULL,NULL,NULL,550
Sandile,NULL,NULL,0,NULL,NULL,NULL,NULL,NULL,NULL,NULL,NULL,NULL,NULL,NULL,NULL,551
Krokorok,NULL,NULL,0,NULL,NULL,NULL,NULL,NULL,NULL,NULL,NULL,NULL,NULL,NULL,NULL,552
Krookodile,NULL,NULL,12,NULL,NULL,NULL,NULL,NULL,NULL,0,0,0,0,0,1,553
Darumaka,NULL,NULL,0,NULL,NULL,NULL,NULL,NULL,NULL,NULL,NULL,NULL,NULL,NULL,NULL,554
Darmanitan,NULL,NULL,10,NULL,NULL,NULL,NULL,NULL,NULL,NULL,NULL,NULL,NULL,NULL,NULL,555
Maractus,NULL,NULL,2,NULL,NULL,NULL,NULL,NULL,NULL,NULL,NULL,NULL,NULL,NULL,NULL,556
Dwebble,NULL,NULL,0,NULL,NULL,NULL,NULL,NULL,NULL,NULL,NULL,NULL,NULL,NULL,NULL,557
Crustle,NULL,NULL,2,NULL,NULL,NULL,NULL,NULL,NULL,NULL,NULL,NULL,NULL,NULL,NULL,558
Scraggy,NULL,NULL,0,NULL,NULL,NULL,NULL,NULL,NULL,NULL,NULL,NULL,NULL,NULL,NULL,559
Scrafty,NULL,NULL,15,NULL,NULL,NULL,NULL,NULL,NULL,0,4,4,8,8,2,560
Sigilyph,NULL,NULL,7,NULL,NULL,NULL,NULL,NULL,NULL,NULL,NULL,NULL,NULL,NULL,NULL,561
yamask,NULL,NULL,0,NULL,NULL,NULL,NULL,NULL,NULL,NULL,NULL,NULL,NULL,NULL,NULL,562
Cofagrigus,NULL,NULL,8,NULL,NULL,NULL,NULL,NULL,NULL,NULL,NULL,NULL,NULL,NULL,NULL,563
tirtouga,NULL,NULL,0,NULL,NULL,NULL,NULL,NULL,NULL,NULL,NULL,NULL,NULL,NULL,NULL,564
Carracosta,NULL,NULL,3,NULL,NULL,NULL,NULL,NULL,NULL,NULL,NULL,NULL,NULL,NULL,NULL,565
Archen,NULL,NULL,0,NULL,NULL,NULL,NULL,NULL,NULL,NULL,NULL,NULL,NULL,NULL,NULL,566
Archeops,NULL,NULL,5,NULL,NULL,NULL,NULL,NULL,NULL,NULL,NULL,NULL,NULL,NULL,NULL,567
trubbish,NULL,NULL,0,NULL,NULL,NULL,NULL,NULL,NULL,NULL,NULL,NULL,NULL,NULL,NULL,568
Garbodor,NULL,NULL,2,NULL,NULL,NULL,NULL,NULL,NULL,NULL,NULL,NULL,NULL,NULL,NULL,569
zorua,NULL,NULL,0,NULL,NULL,NULL,NULL,NULL,NULL,NULL,NULL,NULL,NULL,NULL,NULL,570
Zoroark,NULL,NULL,5,NULL,NULL,NULL,NULL,NULL,NULL,-3,3,6,3,9,1,571
Minccino,NULL,NULL,0,NULL,NULL,NULL,NULL,NULL,NULL,NULL,NULL,NULL,NULL,NULL,NULL,572
Cinccino,NULL,NULL,6,NULL,NULL,NULL,NULL,NULL,NULL,NULL,NULL,NULL,NULL,NULL,NULL,573
Gothita,NULL,NULL,0,NULL,NULL,NULL,NULL,NULL,NULL,NULL,NULL,NULL,NULL,NULL,NULL,574
Gothorita,NULL,NULL,0,NULL,NULL,NULL,NULL,NULL,NULL,NULL,NULL,NULL,NULL,NULL,NULL,575
Gothitelle,NULL,NULL,8,NULL,NULL,NULL,NULL,NULL,NULL,-3,1,4,2,4,1,576
solosis,NULL,NULL,0,NULL,NULL,NULL,NULL,NULL,NULL,NULL,NULL,NULL,NULL,NULL,NULL,577
Duosion,NULL,NULL,0,NULL,NULL,NULL,NULL,NULL,NULL,NULL,NULL,NULL,NULL,NULL,NULL,578
Reuniclus,NULL,NULL,13,NULL,NULL,NULL,NULL,NULL,NULL,3,8,5,7,11,2,579
Ducklett,NULL,NULL,0,NULL,NULL,NULL,NULL,NULL,NULL,NULL,NULL,NULL,NULL,NULL,NULL,580
swanna,NULL,NULL,0,NULL,NULL,NULL,NULL,NULL,NULL,NULL,NULL,NULL,NULL,NULL,NULL,581
vanillite,NULL,NULL,0,NULL,NULL,NULL,NULL,NULL,NULL,NULL,NULL,NULL,NULL,NULL,NULL,582
vanillish,NULL,NULL,0,NULL,NULL,NULL,NULL,NULL,NULL,NULL,NULL,NULL,NULL,NULL,NULL,583
Vanilluxe,NULL,NULL,9,NULL,NULL,NULL,NULL,NULL,NULL,0,15,15,4,16,2,584
Deerling,NULL,NULL,0,NULL,NULL,NULL,NULL,NULL,NULL,NULL,NULL,NULL,NULL,NULL,NULL,585
Sawsbuck,NULL,NULL,2,NULL,NULL,NULL,NULL,NULL,NULL,-1,1,2,2,3,1,586
Emolga,NULL,NULL,1,NULL,NULL,NULL,NULL,NULL,NULL,NULL,NULL,NULL,NULL,NULL,NULL,587
Karrablast,NULL,NULL,0,NULL,NULL,NULL,NULL,NULL,NULL,NULL,NULL,NULL,NULL,NULL,NULL,588
Escavalier,NULL,NULL,10,NULL,NULL,NULL,NULL,NULL,NULL,-4,1,5,1,5,1,589
Foongus,NULL,NULL,3,NULL,NULL,NULL,NULL,NULL,NULL,NULL,NULL,NULL,NULL,NULL,NULL,590
Amoonguss,NULL,NULL,18,NULL,NULL,NULL,NULL,NULL,NULL,0,3,3,4,6,2,591
Frillish-male,NULL,NULL,0,NULL,NULL,NULL,NULL,NULL,NULL,NULL,NULL,NULL,NULL,NULL,NULL,592
Jellicent,NULL,NULL,12,NULL,NULL,NULL,NULL,NULL,NULL,NULL,NULL,NULL,NULL,NULL,NULL,593
Alomomola,NULL,NULL,6,NULL,NULL,NULL,NULL,NULL,NULL,NULL,NULL,NULL,NULL,NULL,NULL,594
Joltik,NULL,NULL,0,NULL,NULL,NULL,NULL,NULL,NULL,NULL,NULL,NULL,NULL,NULL,NULL,595
Galvantula,NULL,NULL,2,NULL,NULL,NULL,NULL,NULL,NULL,4,7,3,2,5,1,596
Ferroseed,NULL,NULL,0,NULL,NULL,NULL,NULL,NULL,NULL,NULL,NULL,NULL,NULL,NULL,NULL,597
Ferrothorn,NULL,NULL,10,NULL,NULL,NULL,NULL,NULL,NULL,NULL,NULL,NULL,NULL,NULL,NULL,598
Klink,NULL,NULL,0,NULL,NULL,NULL,NULL,NULL,NULL,NULL,NULL,NULL,NULL,NULL,NULL,599
Klang,NULL,NULL,0,NULL,NULL,NULL,NULL,NULL,NULL,NULL,NULL,NULL,NULL,NULL,NULL,600
Klinklang,NULL,NULL,2,NULL,NULL,NULL,NULL,NULL,NULL,NULL,NULL,NULL,NULL,NULL,NULL,601
tynamo,NULL,NULL,0,NULL,NULL,NULL,NULL,NULL,NULL,NULL,NULL,NULL,NULL,NULL,NULL,602
Eelektrik,NULL,NULL,0,NULL,NULL,NULL,NULL,NULL,NULL,NULL,NULL,NULL,NULL,NULL,NULL,603
Eelektross,NULL,NULL,3,NULL,NULL,NULL,NULL,NULL,NULL,NULL,NULL,NULL,NULL,NULL,NULL,604
Elgyem,NULL,NULL,0,NULL,NULL,NULL,NULL,NULL,NULL,NULL,NULL,NULL,NULL,NULL,NULL,605
Beheeyem,NULL,NULL,4,NULL,NULL,NULL,NULL,NULL,NULL,NULL,NULL,NULL,NULL,NULL,NULL,606
Litwick,NULL,NULL,0,NULL,NULL,NULL,NULL,NULL,NULL,NULL,NULL,NULL,NULL,NULL,NULL,607
Lampent,NULL,NULL,0,NULL,NULL,NULL,NULL,NULL,NULL,NULL,NULL,NULL,NULL,NULL,NULL,608
Chandelure,NULL,NULL,10,NULL,NULL,NULL,NULL,NULL,NULL,0,0,0,0,0,1,609
Axew,NULL,NULL,0,NULL,NULL,NULL,NULL,NULL,NULL,NULL,NULL,NULL,NULL,NULL,NULL,610
Fraxure,NULL,NULL,0,NULL,NULL,NULL,NULL,NULL,NULL,NULL,NULL,NULL,NULL,NULL,NULL,611
Haxorus,NULL,NULL,6,NULL,NULL,NULL,NULL,NULL,NULL,NULL,NULL,NULL,NULL,NULL,NULL,612
Cubchoo,NULL,NULL,0,NULL,NULL,NULL,NULL,NULL,NULL,0,2,2,0,2,1,613
Beartic,NULL,NULL,3,NULL,NULL,NULL,NULL,NULL,NULL,3,11,8,4,12,3,614
Cryogonal,NULL,NULL,2,NULL,NULL,NULL,NULL,NULL,NULL,NULL,NULL,NULL,NULL,NULL,NULL,615
Shelmet,NULL,NULL,0,NULL,NULL,NULL,NULL,NULL,NULL,NULL,NULL,NULL,NULL,NULL,NULL,616
Accelgor,NULL,NULL,6,NULL,NULL,NULL,NULL,NULL,NULL,2,4,2,2,4,1,617
Stunfisk,NULL,NULL,1,NULL,NULL,NULL,NULL,NULL,NULL,NULL,NULL,NULL,NULL,NULL,NULL,618
Mienfoo,NULL,NULL,0,NULL,NULL,NULL,NULL,NULL,NULL,NULL,NULL,NULL,NULL,NULL,NULL,619
Mienshao,NULL,NULL,12,NULL,NULL,NULL,NULL,NULL,NULL,0,2,2,4,4,2,620
Druddigon,NULL,NULL,5,NULL,NULL,NULL,NULL,NULL,NULL,NULL,NULL,NULL,NULL,NULL,NULL,621
Golett,NULL,NULL,0,NULL,NULL,NULL,NULL,NULL,NULL,NULL,NULL,NULL,NULL,NULL,NULL,622
Golurk,NULL,NULL,5,NULL,NULL,NULL,NULL,NULL,NULL,1,9,8,6,9,1,623
Pawniard,NULL,NULL,0,NULL,NULL,NULL,NULL,NULL,NULL,NULL,NULL,NULL,NULL,NULL,NULL,624
Bisharp,NULL,NULL,12,NULL,NULL,NULL,NULL,NULL,NULL,NULL,NULL,NULL,NULL,NULL,NULL,625
Bouffalant,NULL,NULL,5,NULL,NULL,NULL,NULL,NULL,NULL,NULL,NULL,NULL,NULL,NULL,NULL,626
Rufflet,NULL,NULL,0,NULL,NULL,NULL,NULL,NULL,NULL,NULL,NULL,NULL,NULL,NULL,NULL,627
Braviary,NULL,NULL,6,NULL,NULL,NULL,NULL,NULL,NULL,NULL,NULL,NULL,NULL,NULL,NULL,628
vullaby,NULL,NULL,0,NULL,NULL,NULL,NULL,NULL,NULL,NULL,NULL,NULL,NULL,NULL,NULL,629
Mandibuzz,NULL,NULL,11,NULL,NULL,NULL,NULL,NULL,NULL,1,5,4,5,7,2,630
Heatmor,NULL,NULL,1,NULL,NULL,NULL,NULL,NULL,NULL,NULL,NULL,NULL,NULL,NULL,NULL,631
Durant,NULL,NULL,3,NULL,NULL,NULL,NULL,NULL,NULL,NULL,NULL,NULL,NULL,NULL,NULL,632
Deino,NULL,NULL,0,NULL,NULL,NULL,NULL,NULL,NULL,NULL,NULL,NULL,NULL,NULL,NULL,633
zweilous,NULL,NULL,0,NULL,NULL,NULL,NULL,NULL,NULL,NULL,NULL,NULL,NULL,NULL,NULL,634
Hydreigon,NULL,NULL,13,NULL,NULL,NULL,NULL,NULL,NULL,-2,15,17,7,19,2,635
Larvesta,NULL,NULL,0,NULL,NULL,NULL,NULL,NULL,NULL,NULL,NULL,NULL,NULL,NULL,NULL,636
Volcarona,NULL,NULL,15,NULL,NULL,NULL,NULL,NULL,NULL,4,10,6,4,10,3,637
cobalion,NULL,NULL,8,NULL,NULL,NULL,NULL,NULL,NULL,6,6,0,2,2,1,638
Terrakion,NULL,NULL,14,NULL,NULL,NULL,NULL,NULL,NULL,6,15,9,6,14,1,639
Virizion,NULL,NULL,7,NULL,NULL,NULL,NULL,NULL,NULL,NULL,NULL,NULL,NULL,NULL,NULL,640
Tornadus,NULL,NULL,17,NULL,NULL,NULL,NULL,NULL,NULL,7,13,6,10,15,1,641
Thundurus,NULL,NULL,15,NULL,NULL,NULL,NULL,NULL,NULL,-2,6,8,2,9,1,642
Reshiram,NULL,NULL,0,NULL,NULL,NULL,NULL,NULL,NULL,NULL,NULL,NULL,NULL,NULL,NULL,643
Zekrom,NULL,NULL,21,NULL,NULL,NULL,NULL,NULL,NULL,-4,16,20,9,21,1,644
Landorus,NULL,NULL,18,NULL,NULL,NULL,NULL,NULL,NULL,NULL,NULL,NULL,NULL,NULL,NULL,645
Kyurem,NULL,NULL,13,NULL,NULL,NULL,NULL,NULL,NULL,13,25,12,6,15,2,646
Keldeo,NULL,NULL,14,NULL,NULL,NULL,NULL,NULL,NULL,-2,4,6,4,6,1,647
Meloetta,NULL,NULL,0,NULL,NULL,NULL,NULL,NULL,NULL,NULL,NULL,NULL,NULL,NULL,NULL,648
Genesect,NULL,NULL,19,NULL,NULL,NULL,NULL,NULL,NULL,2,13,11,7,13,2,649
Chespin,NULL,NULL,0,NULL,NULL,NULL,NULL,NULL,NULL,NULL,NULL,NULL,NULL,NULL,NULL,650
Quilladin,NULL,NULL,0,NULL,NULL,NULL,NULL,NULL,NULL,NULL,NULL,NULL,NULL,NULL,NULL,651
Chesnaught,NULL,NULL,2,NULL,NULL,NULL,NULL,NULL,NULL,0,2,2,0,2,1,652
Fennekin,NULL,NULL,0,NULL,NULL,NULL,NULL,NULL,NULL,NULL,NULL,NULL,NULL,NULL,NULL,653
Braixen,NULL,NULL,0,NULL,NULL,NULL,NULL,NULL,NULL,NULL,NULL,NULL,NULL,NULL,NULL,654
delphox,NULL,NULL,7,NULL,NULL,NULL,NULL,NULL,NULL,1,3,2,3,6,1,655
Froakie,NULL,NULL,0,NULL,NULL,NULL,NULL,NULL,NULL,NULL,NULL,NULL,NULL,NULL,NULL,656
Frogadier,NULL,NULL,0,NULL,NULL,NULL,NULL,NULL,NULL,NULL,NULL,NULL,NULL,NULL,NULL,657
Greninja,NULL,NULL,11,NULL,NULL,NULL,NULL,NULL,NULL,-5,12,17,3,19,2,658
Bunnelby,NULL,NULL,0,NULL,NULL,NULL,NULL,NULL,NULL,NULL,NULL,NULL,NULL,NULL,NULL,659
Diggersby,NULL,NULL,8,NULL,NULL,NULL,NULL,NULL,NULL,NULL,NULL,NULL,NULL,NULL,NULL,660
Fletchling,NULL,NULL,0,NULL,NULL,NULL,NULL,NULL,NULL,NULL,NULL,NULL,NULL,NULL,NULL,661
Fletchinder,NULL,NULL,0,NULL,NULL,NULL,NULL,NULL,NULL,NULL,NULL,NULL,NULL,NULL,NULL,662
Talonflame,NULL,NULL,8,NULL,NULL,NULL,NULL,NULL,NULL,-3,5,8,6,14,1,663
Scatterbug,NULL,NULL,0,NULL,NULL,NULL,NULL,NULL,NULL,NULL,NULL,NULL,NULL,NULL,NULL,664
spewpa,NULL,NULL,0,NULL,NULL,NULL,NULL,NULL,NULL,NULL,NULL,NULL,NULL,NULL,NULL,665
Vivillon,NULL,NULL,4,NULL,NULL,NULL,NULL,NULL,NULL,-7,2,9,3,9,1,666
Litleo,NULL,NULL,0,NULL,NULL,NULL,NULL,NULL,NULL,NULL,NULL,NULL,NULL,NULL,NULL,667
Pyroar,NULL,NULL,6,NULL,NULL,NULL,NULL,NULL,NULL,NULL,NULL,NULL,NULL,NULL,NULL,668
flabebe,NULL,NULL,0,NULL,NULL,NULL,NULL,NULL,NULL,NULL,NULL,NULL,NULL,NULL,NULL,669
Floette,NULL,NULL,0,NULL,NULL,NULL,NULL,NULL,NULL,NULL,NULL,NULL,NULL,NULL,NULL,670
Florges,NULL,NULL,6,NULL,NULL,NULL,NULL,NULL,NULL,NULL,NULL,NULL,NULL,NULL,NULL,671
Skiddo,NULL,NULL,0,NULL,NULL,NULL,NULL,NULL,NULL,NULL,NULL,NULL,NULL,NULL,NULL,672
Gogoat,NULL,NULL,1,NULL,NULL,NULL,NULL,NULL,NULL,NULL,NULL,NULL,NULL,NULL,NULL,673
Pancham,NULL,NULL,0,NULL,NULL,NULL,NULL,NULL,NULL,NULL,NULL,NULL,NULL,NULL,NULL,674
Pangoro,NULL,NULL,5,NULL,NULL,NULL,NULL,NULL,NULL,2,6,4,0,4,1,675
Furfrou,NULL,NULL,1,NULL,NULL,NULL,NULL,NULL,NULL,NULL,NULL,NULL,NULL,NULL,NULL,676
Espurr,NULL,NULL,0,NULL,NULL,NULL,NULL,NULL,NULL,0,0,0,0,0,1,677
Meowstic-M,NULL,NULL,9,NULL,NULL,NULL,NULL,NULL,NULL,-3,3,6,0,6,1,678
Honedge,NULL,NULL,0,NULL,NULL,NULL,NULL,NULL,NULL,NULL,NULL,NULL,NULL,NULL,NULL,679
Doublade,NULL,NULL,2,NULL,NULL,NULL,NULL,NULL,NULL,NULL,NULL,NULL,NULL,NULL,NULL,680
Aegislash,NULL,NULL,10,NULL,NULL,NULL,NULL,NULL,NULL,0,0,0,0,0,1,681
spritzee,NULL,NULL,0,NULL,NULL,NULL,NULL,NULL,NULL,NULL,NULL,NULL,NULL,NULL,NULL,682
Aromatisse,NULL,NULL,10,NULL,NULL,NULL,NULL,NULL,NULL,1,5,4,5,7,1,683
swirlix,NULL,NULL,0,NULL,NULL,NULL,NULL,NULL,NULL,NULL,NULL,NULL,NULL,NULL,NULL,684
Slurpuff,NULL,NULL,3,NULL,NULL,NULL,NULL,NULL,NULL,2,6,4,3,8,1,685
Inkay,NULL,NULL,0,NULL,NULL,NULL,NULL,NULL,NULL,NULL,NULL,NULL,NULL,NULL,NULL,686
Malamar,NULL,NULL,3,NULL,NULL,NULL,NULL,NULL,NULL,NULL,NULL,NULL,NULL,NULL,NULL,687
Binacle,NULL,NULL,0,NULL,NULL,NULL,NULL,NULL,NULL,0,0,0,0,0,1,688
Barbaracle,NULL,NULL,2,NULL,NULL,NULL,NULL,NULL,NULL,NULL,NULL,NULL,NULL,NULL,NULL,689
skrelp,NULL,NULL,0,NULL,NULL,NULL,NULL,NULL,NULL,NULL,NULL,NULL,NULL,NULL,NULL,690
Dragalge,NULL,NULL,10,NULL,NULL,NULL,NULL,NULL,NULL,2,2,0,2,2,1,691
Clauncher,NULL,NULL,0,NULL,NULL,NULL,NULL,NULL,NULL,NULL,NULL,NULL,NULL,NULL,NULL,692
Clawitzer,NULL,NULL,2,NULL,NULL,NULL,NULL,NULL,NULL,NULL,NULL,NULL,NULL,NULL,NULL,693
Helioptile,NULL,NULL,0,NULL,NULL,NULL,NULL,NULL,NULL,NULL,NULL,NULL,NULL,NULL,NULL,694
Heliolisk,NULL,NULL,7,NULL,NULL,NULL,NULL,NULL,NULL,6,18,12,16,24,2,695
tyrunt,NULL,NULL,0,NULL,NULL,NULL,NULL,NULL,NULL,NULL,NULL,NULL,NULL,NULL,NULL,696
Tyrantrum,NULL,NULL,5,NULL,NULL,NULL,NULL,NULL,NULL,NULL,NULL,NULL,NULL,NULL,NULL,697
Amaura,NULL,NULL,1,NULL,NULL,NULL,NULL,NULL,NULL,NULL,NULL,NULL,NULL,NULL,NULL,698
Aurorus,NULL,NULL,5,NULL,NULL,NULL,NULL,NULL,NULL,NULL,NULL,NULL,NULL,NULL,NULL,699
Sylveon,NULL,NULL,14,NULL,NULL,NULL,NULL,NULL,NULL,-2,1,3,2,4,1,700
Hawlucha,NULL,NULL,10,NULL,NULL,NULL,NULL,NULL,NULL,NULL,NULL,NULL,NULL,NULL,NULL,701
Dedenne,NULL,NULL,1,NULL,NULL,NULL,NULL,NULL,NULL,NULL,NULL,NULL,NULL,NULL,NULL,702
Carbink,NULL,NULL,4,NULL,NULL,NULL,NULL,NULL,NULL,NULL,NULL,NULL,NULL,NULL,NULL,703
Goomy,NULL,NULL,0,NULL,NULL,NULL,NULL,NULL,NULL,NULL,NULL,NULL,NULL,NULL,NULL,704
sliggoo,NULL,NULL,0,NULL,NULL,NULL,NULL,NULL,NULL,NULL,NULL,NULL,NULL,NULL,NULL,705
Goodra,NULL,NULL,6,NULL,NULL,NULL,NULL,NULL,NULL,-3,7,10,4,12,2,706
Klefki,NULL,NULL,11,NULL,NULL,NULL,NULL,NULL,NULL,0,0,0,0,0,1,707
Phantump,NULL,NULL,0,NULL,NULL,NULL,NULL,NULL,NULL,NULL,NULL,NULL,NULL,NULL,NULL,708
Trevenant,NULL,NULL,2,NULL,NULL,NULL,NULL,NULL,NULL,NULL,NULL,NULL,NULL,NULL,NULL,709
pumpkaboo-average,NULL,NULL,0,NULL,NULL,NULL,NULL,NULL,NULL,NULL,NULL,NULL,NULL,NULL,NULL,710
Gourgeist-Average,NULL,NULL,3,NULL,NULL,NULL,NULL,NULL,NULL,-2,0,2,0,2,1,711
Bergmite,NULL,NULL,0,NULL,NULL,NULL,NULL,NULL,NULL,NULL,NULL,NULL,NULL,NULL,NULL,712
avalugg,NULL,NULL,2,NULL,NULL,NULL,NULL,NULL,NULL,-1,1,2,0,0,1,713
Noibat,NULL,NULL,0,NULL,NULL,NULL,NULL,NULL,NULL,NULL,NULL,NULL,NULL,NULL,NULL,714
Noivern,NULL,NULL,7,NULL,NULL,NULL,NULL,NULL,NULL,NULL,NULL,NULL,NULL,NULL,NULL,715
xerneas,NULL,NULL,0,NULL,NULL,NULL,NULL,NULL,NULL,NULL,NULL,NULL,NULL,NULL,NULL,716
yveltal,NULL,NULL,0,NULL,NULL,NULL,NULL,NULL,NULL,NULL,NULL,NULL,NULL,NULL,NULL,717
Zygarde,NULL,NULL,15,NULL,NULL,NULL,NULL,NULL,NULL,-7,3,10,4,13,2,718
Diancie,NULL,NULL,17,NULL,NULL,NULL,NULL,NULL,NULL,6,9,3,6,6,1,719
Hoopa,NULL,NULL,8,NULL,NULL,NULL,NULL,NULL,NULL,NULL,NULL,NULL,NULL,NULL,NULL,720
Volcanion,NULL,NULL,16,NULL,NULL,NULL,NULL,NULL,NULL,NULL,NULL,NULL,NULL,NULL,NULL,721
Rowlet,NULL,NULL,0,NULL,NULL,NULL,NULL,NULL,NULL,NULL,NULL,NULL,NULL,NULL,NULL,722
Dartrix,NULL,NULL,0,NULL,NULL,NULL,NULL,NULL,NULL,NULL,NULL,NULL,NULL,NULL,NULL,723
Decidueye,NULL,NULL,6,NULL,NULL,NULL,NULL,NULL,NULL,0,3,3,4,6,1,724
Litten,NULL,NULL,0,NULL,NULL,NULL,NULL,NULL,NULL,NULL,NULL,NULL,NULL,NULL,NULL,725
Torracat,NULL,NULL,4,NULL,NULL,NULL,NULL,NULL,NULL,-1,1,2,2,2,2,726
Incineroar,NULL,NULL,20,NULL,NULL,NULL,NULL,NULL,NULL,-7,18,25,18,35,4,727
Popplio,NULL,NULL,0,NULL,NULL,NULL,NULL,NULL,NULL,NULL,NULL,NULL,NULL,NULL,NULL,728
Brionne,NULL,NULL,0,NULL,NULL,NULL,NULL,NULL,NULL,NULL,NULL,NULL,NULL,NULL,NULL,729
Primarina,NULL,NULL,14,NULL,NULL,NULL,NULL,NULL,NULL,-3,2,5,4,7,4,730
Pikipek,NULL,NULL,0,NULL,NULL,NULL,NULL,NULL,NULL,NULL,NULL,NULL,NULL,NULL,NULL,731
trumbeak,NULL,NULL,0,NULL,NULL,NULL,NULL,NULL,NULL,NULL,NULL,NULL,NULL,NULL,NULL,732
Toucannon,NULL,NULL,1,NULL,NULL,NULL,NULL,NULL,NULL,NULL,NULL,NULL,NULL,NULL,NULL,733
yungoos,NULL,NULL,0,NULL,NULL,NULL,NULL,NULL,NULL,NULL,NULL,NULL,NULL,NULL,NULL,734
Gumshoos,NULL,NULL,2,NULL,NULL,NULL,NULL,NULL,NULL,NULL,NULL,NULL,NULL,NULL,NULL,735
Grubbin,NULL,NULL,0,NULL,NULL,NULL,NULL,NULL,NULL,NULL,NULL,NULL,NULL,NULL,NULL,736
Charjabug,NULL,NULL,3,NULL,NULL,NULL,NULL,NULL,NULL,0,6,6,10,15,1,737
Vikavolt,NULL,NULL,8,NULL,NULL,NULL,NULL,NULL,NULL,0,3,3,1,3,1,738
Crabrawler,NULL,NULL,0,NULL,NULL,NULL,NULL,NULL,NULL,NULL,NULL,NULL,NULL,NULL,NULL,739
Crabominable,NULL,NULL,3,NULL,NULL,NULL,NULL,NULL,NULL,NULL,NULL,NULL,NULL,NULL,NULL,740
Oricorio-Baile,NULL,NULL,1,NULL,NULL,NULL,NULL,NULL,NULL,NULL,NULL,NULL,NULL,NULL,NULL,741
Cutiefly,NULL,NULL,0,NULL,NULL,NULL,NULL,NULL,NULL,NULL,NULL,NULL,NULL,NULL,NULL,742
Ribombee,NULL,"Summer 2023",12,NULL,NULL,NULL,NULL,NULL,NULL,7,17,10,5,13,3,743
Rockruff,NULL,NULL,0,NULL,NULL,NULL,NULL,NULL,NULL,NULL,NULL,NULL,NULL,NULL,NULL,744
Lycanroc-Midday,NULL,NULL,3,NULL,NULL,NULL,NULL,NULL,NULL,NULL,NULL,NULL,NULL,NULL,NULL,745
Wishiwashi,NULL,NULL,3,NULL,NULL,NULL,NULL,NULL,NULL,NULL,NULL,NULL,NULL,NULL,NULL,746
Mareanie,NULL,NULL,0,NULL,NULL,NULL,NULL,NULL,NULL,NULL,NULL,NULL,NULL,NULL,NULL,747
Toxapex,NULL,NULL,7,NULL,NULL,NULL,NULL,NULL,NULL,-2,15,17,15,31,3,748
Mudbray,NULL,NULL,0,NULL,NULL,NULL,NULL,NULL,NULL,NULL,NULL,NULL,NULL,NULL,NULL,749
Mudsdale,NULL,NULL,9,NULL,NULL,NULL,NULL,NULL,NULL,NULL,NULL,NULL,NULL,NULL,NULL,750
Dewpider,NULL,NULL,0,NULL,NULL,NULL,NULL,NULL,NULL,NULL,NULL,NULL,NULL,NULL,NULL,751
Araquanid,NULL,NULL,10,NULL,NULL,NULL,NULL,NULL,NULL,-1,6,7,6,11,2,752
Fomantis,NULL,NULL,0,NULL,NULL,NULL,NULL,NULL,NULL,NULL,NULL,NULL,NULL,NULL,NULL,753
Lurantis,NULL,NULL,9,NULL,NULL,NULL,NULL,NULL,NULL,7,7,0,2,2,1,754
Morelull,NULL,NULL,0,NULL,NULL,NULL,NULL,NULL,NULL,NULL,NULL,NULL,NULL,NULL,NULL,755
Shiinotic,NULL,NULL,3,NULL,NULL,NULL,NULL,NULL,NULL,2,5,3,4,5,1,756
Salandit,NULL,NULL,0,NULL,NULL,NULL,NULL,NULL,NULL,NULL,NULL,NULL,NULL,NULL,NULL,757
Salazzle,NULL,NULL,7,NULL,NULL,NULL,NULL,NULL,NULL,-7,4,11,3,11,2,758
stufful,NULL,NULL,0,NULL,NULL,NULL,NULL,NULL,NULL,NULL,NULL,NULL,NULL,NULL,NULL,759
Bewear,NULL,NULL,6,NULL,NULL,NULL,NULL,NULL,NULL,-2,0,2,0,2,1,760
Bounsweet,NULL,NULL,0,NULL,NULL,NULL,NULL,NULL,NULL,NULL,NULL,NULL,NULL,NULL,NULL,761
steenee,NULL,NULL,0,NULL,NULL,NULL,NULL,NULL,NULL,NULL,NULL,NULL,NULL,NULL,NULL,762
Tsareena,NULL,NULL,11,NULL,NULL,NULL,NULL,NULL,NULL,0,0,0,0,0,1,763
Comfey,NULL,NULL,10,NULL,NULL,NULL,NULL,NULL,NULL,-1,0,1,2,2,1,764
Oranguru,NULL,NULL,14,NULL,NULL,NULL,NULL,NULL,NULL,-3,3,6,9,13,2,765
Passimian,NULL,NULL,5,NULL,NULL,NULL,NULL,NULL,NULL,NULL,NULL,NULL,NULL,NULL,NULL,766
wimpod,NULL,NULL,0,NULL,NULL,NULL,NULL,NULL,NULL,NULL,NULL,NULL,NULL,NULL,NULL,767
Golisopod,NULL,NULL,2,NULL,NULL,NULL,NULL,NULL,NULL,-1,6,7,3,9,2,768
Sandygast,NULL,NULL,0,NULL,NULL,NULL,NULL,NULL,NULL,NULL,NULL,NULL,NULL,NULL,NULL,769
Palossand,NULL,NULL,2,NULL,NULL,NULL,NULL,NULL,NULL,NULL,NULL,NULL,NULL,NULL,NULL,770
Pyukumuku,NULL,NULL,0,NULL,NULL,NULL,NULL,NULL,NULL,NULL,NULL,NULL,NULL,NULL,NULL,771
"Type: Null",NULL,NULL,2,NULL,NULL,NULL,NULL,NULL,NULL,NULL,NULL,NULL,NULL,NULL,NULL,772
Silvally,NULL,NULL,5,NULL,NULL,NULL,NULL,NULL,NULL,0,3,3,2,3,1,773
Minior,NULL,NULL,3,NULL,NULL,NULL,NULL,NULL,NULL,2,5,3,2,3,1,774
Komala,NULL,NULL,1,NULL,NULL,NULL,NULL,NULL,NULL,NULL,NULL,NULL,NULL,NULL,NULL,775
Turtonator,NULL,NULL,1,NULL,NULL,NULL,NULL,NULL,NULL,NULL,NULL,NULL,NULL,NULL,NULL,776
Togedemaru,NULL,NULL,10,NULL,NULL,NULL,NULL,NULL,NULL,NULL,NULL,NULL,NULL,NULL,NULL,777
Mimikyu,NULL,NULL,14,NULL,NULL,NULL,NULL,NULL,NULL,-4,0,4,0,4,1,778
Bruxish,NULL,NULL,6,NULL,NULL,NULL,NULL,NULL,NULL,NULL,NULL,NULL,NULL,NULL,NULL,779
Drampa,NULL,NULL,7,NULL,NULL,NULL,NULL,NULL,NULL,0,2,2,2,4,1,780
Dhelmise,NULL,NULL,6,NULL,NULL,NULL,NULL,NULL,NULL,NULL,NULL,NULL,NULL,NULL,NULL,781
Jangmo-o,NULL,NULL,0,NULL,NULL,NULL,NULL,NULL,NULL,NULL,NULL,NULL,NULL,NULL,NULL,782
Hakamo-o,NULL,NULL,0,NULL,NULL,NULL,NULL,NULL,NULL,NULL,NULL,NULL,NULL,NULL,NULL,783
Kommo-o,NULL,NULL,10,NULL,NULL,NULL,NULL,NULL,NULL,-2,6,8,3,9,2,784
"Tapu Koko",NULL,NULL,20,NULL,NULL,NULL,NULL,NULL,NULL,4,4,0,4,4,1,785
"Tapu Lele",NULL,NULL,19,NULL,NULL,NULL,NULL,NULL,NULL,7,17,10,11,17,2,786
"Tapu Bulu",NULL,NULL,13,NULL,NULL,NULL,NULL,NULL,NULL,NULL,NULL,NULL,NULL,NULL,NULL,787
"Tapu Fini",NULL,NULL,17,NULL,NULL,NULL,NULL,NULL,NULL,5,8,3,6,8,1,788
Cosmog,NULL,NULL,0,NULL,NULL,NULL,NULL,NULL,NULL,NULL,NULL,NULL,NULL,NULL,NULL,789
Cosmoem,NULL,NULL,0,NULL,NULL,NULL,NULL,NULL,NULL,0,0,0,0,0,1,790
solgaleo,NULL,NULL,0,NULL,NULL,NULL,NULL,NULL,NULL,NULL,NULL,NULL,NULL,NULL,NULL,791
Lunala,NULL,NULL,0,NULL,NULL,NULL,NULL,NULL,NULL,NULL,NULL,NULL,NULL,NULL,NULL,792
Nihilego,NULL,NULL,14,NULL,NULL,NULL,NULL,NULL,NULL,3,7,4,3,6,1,793
Buzzwole,NULL,NULL,9,NULL,NULL,NULL,NULL,NULL,NULL,NULL,NULL,NULL,NULL,NULL,NULL,794
Pheromosa,NULL,NULL,14,NULL,NULL,NULL,NULL,NULL,NULL,NULL,NULL,NULL,NULL,NULL,NULL,795
Xurkitree,NULL,NULL,11,NULL,NULL,NULL,NULL,NULL,NULL,NULL,NULL,NULL,NULL,NULL,NULL,796
Celesteela,NULL,NULL,15,NULL,NULL,NULL,NULL,NULL,NULL,-1,0,1,4,4,2,797
Kartana,NULL,NULL,20,NULL,NULL,NULL,NULL,NULL,NULL,0,2,2,0,2,1,798
Guzzlord,NULL,NULL,3,NULL,NULL,NULL,NULL,NULL,NULL,0,0,0,0,0,1,799
Necrozma,NULL,NULL,14,NULL,NULL,NULL,NULL,NULL,NULL,NULL,NULL,NULL,NULL,NULL,NULL,800
Magearna,NULL,NULL,21,NULL,NULL,NULL,NULL,NULL,NULL,-1,4,5,4,6,1,801
Marshadow,NULL,NULL,16,NULL,NULL,NULL,NULL,NULL,NULL,0,8,8,3,12,1,802
Poipole,NULL,NULL,0,NULL,NULL,NULL,NULL,NULL,NULL,NULL,NULL,NULL,NULL,NULL,NULL,803
Naganadel,NULL,NULL,14,NULL,NULL,NULL,NULL,NULL,NULL,NULL,NULL,NULL,NULL,NULL,NULL,804
Stakataka,NULL,NULL,12,NULL,NULL,NULL,NULL,NULL,NULL,0,2,2,2,2,1,805
Blacephalon,NULL,NULL,13,NULL,NULL,NULL,NULL,NULL,NULL,NULL,NULL,NULL,NULL,NULL,NULL,806
Zeraora,NULL,NULL,16,NULL,NULL,NULL,NULL,NULL,NULL,-9,4,13,4,13,2,807
Meltan,NULL,NULL,0,NULL,NULL,NULL,NULL,NULL,NULL,NULL,NULL,NULL,NULL,NULL,NULL,808
Melmetal,NULL,NULL,0,NULL,NULL,NULL,NULL,NULL,NULL,NULL,NULL,NULL,NULL,NULL,NULL,809
Grookey,NULL,NULL,0,NULL,NULL,NULL,NULL,NULL,NULL,0,0,0,0,0,2,810
Thwackey,NULL,NULL,4,NULL,NULL,NULL,NULL,NULL,NULL,0,0,0,0,0,1,811
Rillaboom,NULL,NULL,19,NULL,NULL,NULL,NULL,NULL,NULL,3,19,16,13,23,3,812
Scorbunny,NULL,NULL,0,NULL,NULL,NULL,NULL,NULL,NULL,NULL,NULL,NULL,NULL,NULL,NULL,813
Raboot,NULL,NULL,0,NULL,NULL,NULL,NULL,NULL,NULL,NULL,NULL,NULL,NULL,NULL,NULL,814
Cinderace,NULL,NULL,12,NULL,NULL,NULL,NULL,NULL,NULL,-4,12,16,12,19,2,815
sobble,NULL,NULL,0,NULL,NULL,NULL,NULL,NULL,NULL,NULL,NULL,NULL,NULL,NULL,NULL,816
Drizzile,NULL,NULL,0,NULL,NULL,NULL,NULL,NULL,NULL,NULL,NULL,NULL,NULL,NULL,NULL,817
Inteleon,NULL,NULL,8,NULL,NULL,NULL,NULL,NULL,NULL,-1,9,10,7,13,2,818
skwovet,NULL,NULL,0,NULL,NULL,NULL,NULL,NULL,NULL,NULL,NULL,NULL,NULL,NULL,NULL,819
Greedent,NULL,NULL,7,NULL,NULL,NULL,NULL,NULL,NULL,5,6,1,2,2,1,820
Rookidee,NULL,NULL,0,NULL,NULL,NULL,NULL,NULL,NULL,NULL,NULL,NULL,NULL,NULL,NULL,821
Corvisquire,NULL,NULL,0,NULL,NULL,NULL,NULL,NULL,NULL,NULL,NULL,NULL,NULL,NULL,NULL,822
Corviknight,NULL,NULL,10,NULL,NULL,NULL,NULL,NULL,NULL,7,18,11,8,16,3,823
Blipbug,NULL,NULL,0,NULL,NULL,NULL,NULL,NULL,NULL,NULL,NULL,NULL,NULL,NULL,NULL,824
Dottler,NULL,NULL,0,NULL,NULL,NULL,NULL,NULL,NULL,-6,0,6,3,9,1,825
Orbeetle,NULL,NULL,1,NULL,NULL,NULL,NULL,NULL,NULL,-6,4,10,5,11,2,826
Nickit,NULL,NULL,0,NULL,NULL,NULL,NULL,NULL,NULL,NULL,NULL,NULL,NULL,NULL,NULL,827
Thievul,NULL,NULL,2,NULL,NULL,NULL,NULL,NULL,NULL,NULL,NULL,NULL,NULL,NULL,NULL,828
Gossifleur,NULL,NULL,0,NULL,NULL,NULL,NULL,NULL,NULL,NULL,NULL,NULL,NULL,NULL,NULL,829
Eldegoss,NULL,NULL,1,NULL,NULL,NULL,NULL,NULL,NULL,-1,0,1,2,2,1,830
wooloo,NULL,NULL,0,NULL,NULL,NULL,NULL,NULL,NULL,NULL,NULL,NULL,NULL,NULL,NULL,831
Dubwool,NULL,NULL,2,NULL,NULL,NULL,NULL,NULL,NULL,NULL,NULL,NULL,NULL,NULL,NULL,832
Chewtle,NULL,NULL,0,NULL,NULL,NULL,NULL,NULL,NULL,NULL,NULL,NULL,NULL,NULL,NULL,833
Drednaw,NULL,NULL,8,NULL,NULL,NULL,NULL,NULL,NULL,NULL,NULL,NULL,NULL,NULL,NULL,834
Yamper,NULL,NULL,0,NULL,NULL,NULL,NULL,NULL,NULL,-1,4,5,4,5,1,835
Boltund,NULL,NULL,2,NULL,NULL,NULL,NULL,NULL,NULL,NULL,NULL,NULL,NULL,NULL,NULL,836
Rolycoly,NULL,NULL,0,NULL,NULL,NULL,NULL,NULL,NULL,NULL,NULL,NULL,NULL,NULL,NULL,837
Carkol,NULL,NULL,0,NULL,NULL,NULL,NULL,NULL,NULL,NULL,NULL,NULL,NULL,NULL,NULL,838
Coalossal,NULL,NULL,1,NULL,NULL,NULL,NULL,NULL,NULL,18,26,8,8,13,1,839
Applin,NULL,NULL,1,NULL,NULL,NULL,NULL,NULL,NULL,NULL,NULL,NULL,NULL,NULL,NULL,840
Flapple,NULL,NULL,2,NULL,NULL,NULL,NULL,NULL,NULL,NULL,NULL,NULL,NULL,NULL,NULL,841
Appletun,NULL,NULL,3,NULL,NULL,NULL,NULL,NULL,NULL,NULL,NULL,NULL,NULL,NULL,NULL,842
Silicobra,NULL,NULL,0,NULL,NULL,NULL,NULL,NULL,NULL,NULL,NULL,NULL,NULL,NULL,NULL,843
Sandaconda,NULL,NULL,2,NULL,NULL,NULL,NULL,NULL,NULL,-3,1,4,0,4,1,844
Cramorant,NULL,NULL,0,NULL,NULL,NULL,NULL,NULL,NULL,NULL,NULL,NULL,NULL,NULL,NULL,845
Arrokuda,NULL,NULL,0,NULL,NULL,NULL,NULL,NULL,NULL,NULL,NULL,NULL,NULL,NULL,NULL,846
Barraskewda,NULL,NULL,12,NULL,NULL,NULL,NULL,NULL,NULL,NULL,NULL,NULL,NULL,NULL,NULL,847
toxel,NULL,NULL,0,NULL,NULL,NULL,NULL,NULL,NULL,NULL,NULL,NULL,NULL,NULL,NULL,848
Toxtricity,NULL,NULL,8,NULL,NULL,NULL,NULL,NULL,NULL,1,3,2,2,3,1,849
Sizzlipede,NULL,NULL,0,NULL,NULL,NULL,NULL,NULL,NULL,NULL,NULL,NULL,NULL,NULL,NULL,850
Centiskorch,NULL,NULL,1,NULL,NULL,NULL,NULL,NULL,NULL,-5,1,6,0,6,1,851
Clobbopus,NULL,NULL,0,NULL,NULL,NULL,NULL,NULL,NULL,NULL,NULL,NULL,NULL,NULL,NULL,852
Grapploct,NULL,NULL,2,NULL,NULL,NULL,NULL,NULL,NULL,NULL,NULL,NULL,NULL,NULL,NULL,853
Sinistea,NULL,NULL,0,NULL,NULL,NULL,NULL,NULL,NULL,NULL,NULL,NULL,NULL,NULL,NULL,854
Polteageist,NULL,NULL,2,NULL,NULL,NULL,NULL,NULL,NULL,NULL,NULL,NULL,NULL,NULL,NULL,855
Hatenna,NULL,NULL,0,NULL,NULL,NULL,NULL,NULL,NULL,NULL,NULL,NULL,NULL,NULL,NULL,856
Hattrem,NULL,NULL,0,NULL,NULL,NULL,NULL,NULL,NULL,NULL,NULL,NULL,NULL,NULL,NULL,857
Hatterene,NULL,NULL,14,NULL,NULL,NULL,NULL,NULL,NULL,-8,6,14,5,17,2,858
Impidimp,NULL,NULL,0,NULL,NULL,NULL,NULL,NULL,NULL,NULL,NULL,NULL,NULL,NULL,NULL,859
Morgrem,NULL,NULL,8,NULL,NULL,NULL,NULL,NULL,NULL,-3,1,4,4,6,1,860
Grimmsnarl,NULL,NULL,19,NULL,NULL,NULL,NULL,NULL,NULL,-1,5,6,6,10,2,861
Obstagoon,NULL,NULL,6,NULL,NULL,NULL,NULL,NULL,NULL,NULL,NULL,NULL,NULL,NULL,NULL,862
Perrserker,NULL,NULL,6,NULL,NULL,NULL,NULL,NULL,NULL,NULL,NULL,NULL,NULL,NULL,NULL,863
Cursola,NULL,NULL,3,NULL,NULL,NULL,NULL,NULL,NULL,NULL,NULL,NULL,NULL,NULL,NULL,864
Sirfetch'd,NULL,NULL,4,NULL,NULL,NULL,NULL,NULL,NULL,-3,1,4,1,5,3,865
"Mr. Rime",NULL,NULL,3,NULL,NULL,NULL,NULL,NULL,NULL,NULL,NULL,NULL,NULL,NULL,NULL,866
Runerigus,NULL,NULL,7,NULL,NULL,NULL,NULL,NULL,NULL,NULL,NULL,NULL,NULL,NULL,NULL,867
Milcery,NULL,NULL,0,NULL,NULL,NULL,NULL,NULL,NULL,NULL,NULL,NULL,NULL,NULL,NULL,868
Alcremie,NULL,NULL,7,NULL,NULL,NULL,NULL,NULL,NULL,-6,0,6,2,6,2,869
Falinks,NULL,NULL,2,NULL,NULL,NULL,NULL,NULL,NULL,NULL,NULL,NULL,NULL,NULL,NULL,870
Pincurchin,NULL,NULL,8,NULL,NULL,NULL,NULL,NULL,NULL,NULL,NULL,NULL,NULL,NULL,NULL,871
snom,NULL,NULL,0,NULL,NULL,NULL,NULL,NULL,NULL,NULL,NULL,NULL,NULL,NULL,NULL,872
Frosmoth,NULL,NULL,2,NULL,NULL,NULL,NULL,NULL,NULL,-4,2,6,0,4,1,873
Stonjourner,NULL,NULL,2,NULL,NULL,NULL,NULL,NULL,NULL,NULL,NULL,NULL,NULL,NULL,NULL,874
Eiscue,NULL,NULL,1,NULL,NULL,NULL,NULL,NULL,NULL,-3,7,10,3,10,1,875
Indeedee-M,NULL,NULL,12,NULL,NULL,NULL,NULL,NULL,NULL,NULL,NULL,NULL,NULL,NULL,NULL,876
Morpeko,NULL,NULL,1,NULL,NULL,NULL,NULL,NULL,NULL,0,0,0,0,0,1,877
Cufant,NULL,NULL,0,NULL,NULL,NULL,NULL,NULL,NULL,NULL,NULL,NULL,NULL,NULL,NULL,878
Copperajah,NULL,NULL,6,NULL,NULL,NULL,NULL,NULL,NULL,NULL,NULL,NULL,NULL,NULL,NULL,879
Dracozolt,NULL,NULL,15,NULL,NULL,NULL,NULL,NULL,NULL,NULL,NULL,NULL,NULL,NULL,NULL,880
Arctozolt,NULL,NULL,12,NULL,NULL,NULL,NULL,NULL,NULL,-2,9,11,6,14,1,881
Dracovish,NULL,NULL,17,NULL,NULL,NULL,NULL,NULL,NULL,18,32,14,13,25,2,882
Arctovish,NULL,NULL,7,NULL,NULL,NULL,NULL,NULL,NULL,NULL,NULL,NULL,NULL,NULL,NULL,883
Duraludon,NULL,NULL,7,NULL,NULL,NULL,NULL,NULL,NULL,0,0,0,0,0,1,884
Dreepy,NULL,NULL,0,NULL,NULL,NULL,NULL,NULL,NULL,NULL,NULL,NULL,NULL,NULL,NULL,885
Drakloak,NULL,NULL,0,NULL,NULL,NULL,NULL,NULL,NULL,NULL,NULL,NULL,NULL,NULL,NULL,886
Dragapult,NULL,NULL,15,NULL,NULL,NULL,NULL,NULL,NULL,-1,14,15,7,19,2,887
zacian,NULL,NULL,0,NULL,NULL,NULL,NULL,NULL,NULL,NULL,NULL,NULL,NULL,NULL,NULL,888
zamazenta,NULL,NULL,0,NULL,NULL,NULL,NULL,NULL,NULL,NULL,NULL,NULL,NULL,NULL,NULL,889
Eternatus,NULL,NULL,0,NULL,NULL,NULL,NULL,NULL,NULL,NULL,NULL,NULL,NULL,NULL,NULL,890
Kubfu,NULL,NULL,0,NULL,NULL,NULL,NULL,NULL,NULL,NULL,NULL,NULL,NULL,NULL,NULL,891
urshifu-single-strike,NULL,NULL,0,NULL,NULL,NULL,NULL,NULL,NULL,NULL,NULL,NULL,NULL,NULL,NULL,892
Zarude,NULL,NULL,8,NULL,NULL,NULL,NULL,NULL,NULL,2,4,2,2,3,1,893
Regieleki,NULL,NULL,17,NULL,NULL,NULL,NULL,NULL,NULL,2,4,2,2,3,1,894
Regidrago,NULL,NULL,10,NULL,NULL,NULL,NULL,NULL,NULL,5,9,4,2,6,1,895
Glastrier,NULL,NULL,11,NULL,NULL,NULL,NULL,NULL,NULL,NULL,NULL,NULL,NULL,NULL,NULL,896
Spectrier,NULL,NULL,15,NULL,NULL,NULL,NULL,NULL,NULL,NULL,NULL,NULL,NULL,NULL,NULL,897
Calyrex,NULL,NULL,1,NULL,NULL,NULL,NULL,NULL,NULL,0,0,0,0,0,1,898
Wyrdeer,NULL,NULL,5,NULL,NULL,NULL,NULL,NULL,NULL,-6,5,11,7,11,1,899
Kleavor,NULL,NULL,11,NULL,NULL,NULL,NULL,NULL,NULL,-6,12,18,6,17,3,900
Ursaluna,NULL,NULL,18,NULL,NULL,NULL,NULL,NULL,NULL,-2,4,6,1,7,1,901
Basculegion-M,NULL,NULL,17,NULL,NULL,NULL,NULL,NULL,NULL,NULL,NULL,NULL,NULL,NULL,NULL,902
Sneasler,NULL,NULL,16,NULL,NULL,NULL,NULL,NULL,NULL,0,1,1,4,4,1,903
Overqwil,NULL,NULL,13,NULL,NULL,NULL,NULL,NULL,NULL,9,25,16,11,21,2,904
Enamorus,NULL,NULL,17,NULL,NULL,NULL,NULL,NULL,NULL,NULL,NULL,NULL,NULL,NULL,NULL,905
sprigatito,NULL,NULL,0,NULL,NULL,NULL,NULL,NULL,NULL,NULL,NULL,NULL,NULL,NULL,NULL,906
Floragato,NULL,NULL,0,NULL,NULL,NULL,NULL,NULL,NULL,NULL,NULL,NULL,NULL,NULL,NULL,907
Meowscarada,NULL,NULL,14,NULL,NULL,NULL,NULL,NULL,NULL,-14,11,25,11,27,4,908
Fuecoco,NULL,NULL,0,NULL,NULL,NULL,NULL,NULL,NULL,NULL,NULL,NULL,NULL,NULL,NULL,909
Crocalor,NULL,NULL,0,NULL,NULL,NULL,NULL,NULL,NULL,NULL,NULL,NULL,NULL,NULL,NULL,910
Skeledirge,NULL,NULL,11,NULL,NULL,NULL,NULL,NULL,NULL,-3,2,5,1,4,1,911
Quaxly,NULL,NULL,0,NULL,NULL,NULL,NULL,NULL,NULL,-2,1,3,1,3,1,912
Quaxwell,NULL,NULL,0,NULL,NULL,NULL,NULL,NULL,NULL,NULL,NULL,NULL,NULL,NULL,NULL,913
Quaquaval,NULL,NULL,8,NULL,NULL,NULL,NULL,NULL,NULL,1,4,3,2,4,1,914
Lechonk,NULL,NULL,0,NULL,NULL,NULL,NULL,NULL,NULL,0,0,0,0,0,1,915
Oinkologne-M,NULL,NULL,1,NULL,NULL,NULL,NULL,NULL,NULL,NULL,NULL,NULL,NULL,NULL,NULL,916
Tarountula,NULL,NULL,0,NULL,NULL,NULL,NULL,NULL,NULL,0,0,0,0,0,1,917
Spidops,NULL,2022,1,NULL,NULL,NULL,NULL,NULL,NULL,2,5,3,6,8,1,918
Nymble,NULL,NULL,0,NULL,NULL,NULL,NULL,NULL,NULL,0,0,0,0,0,1,919
Lokix,NULL,NULL,4,NULL,NULL,NULL,NULL,NULL,NULL,NULL,NULL,NULL,NULL,NULL,NULL,920
Pawmi,NULL,NULL,0,NULL,NULL,NULL,NULL,NULL,NULL,NULL,NULL,NULL,NULL,NULL,NULL,921
Pawmo,NULL,NULL,0,NULL,NULL,NULL,NULL,NULL,NULL,0,0,0,0,0,1,922
Pawmot,NULL,NULL,10,NULL,NULL,NULL,NULL,NULL,NULL,1,5,4,5,8,1,923
Tandemaus,NULL,NULL,0,NULL,NULL,NULL,NULL,NULL,NULL,-1,1,2,1,3,1,924
Maushold,NULL,NULL,13,NULL,NULL,NULL,NULL,NULL,NULL,-5,0,5,4,7,2,925
Fidough,NULL,NULL,0,NULL,NULL,NULL,NULL,NULL,NULL,NULL,NULL,NULL,NULL,NULL,NULL,926
Dachsbun,NULL,NULL,3,NULL,NULL,NULL,NULL,NULL,NULL,-4,2,6,6,10,3,927
Smoliv,NULL,NULL,0,NULL,NULL,NULL,NULL,NULL,NULL,0,0,0,0,0,2,928
Dolliv,NULL,NULL,0,NULL,NULL,NULL,NULL,NULL,NULL,0,0,0,0,0,2,929
Arboliva,NULL,NULL,10,NULL,NULL,NULL,NULL,NULL,NULL,1,7,6,3,9,2,930
Squawkabilly,NULL,NULL,1,NULL,NULL,NULL,NULL,NULL,NULL,-2,0,2,1,5,1,931
Nacli,NULL,NULL,0,NULL,NULL,NULL,NULL,NULL,NULL,-1,1,2,0,2,1,932
Naclstack,NULL,NULL,0,NULL,NULL,NULL,NULL,NULL,NULL,1,3,2,2,4,1,933
Garganacl,NULL,NULL,10,NULL,NULL,NULL,NULL,NULL,NULL,-9,5,14,10,21,3,934
Charcadet,NULL,NULL,0,NULL,NULL,NULL,NULL,NULL,NULL,0,0,0,0,0,1,935
Armarouge,NULL,NULL,13,NULL,NULL,NULL,NULL,NULL,NULL,-3,9,12,10,19,3,936
Ceruledge,NULL,NULL,10,NULL,NULL,NULL,NULL,NULL,NULL,5,12,7,16,22,3,937
tadbulb,NULL,NULL,0,NULL,NULL,NULL,NULL,NULL,NULL,NULL,NULL,NULL,NULL,NULL,NULL,938
Bellibolt,NULL,NULL,2,NULL,NULL,NULL,NULL,NULL,NULL,1,4,3,1,4,2,939
Wattrel,NULL,NULL,0,NULL,NULL,NULL,NULL,NULL,NULL,-9,2,11,10,21,2,940
Kilowattrel,NULL,NULL,10,NULL,NULL,NULL,NULL,NULL,NULL,1,9,8,2,8,2,941
Maschiff,NULL,NULL,0,NULL,NULL,NULL,NULL,NULL,NULL,0,0,0,0,0,1,942
Mabosstiff,NULL,NULL,7,NULL,NULL,NULL,NULL,NULL,NULL,1,5,4,2,5,1,943
Shroodle,NULL,NULL,0,NULL,NULL,NULL,NULL,NULL,NULL,0,0,0,0,0,1,944
Grafaiai,NULL,NULL,7,NULL,NULL,NULL,NULL,NULL,NULL,-1,1,2,0,2,1,945
Bramblin,NULL,NULL,0,NULL,NULL,NULL,NULL,NULL,NULL,NULL,NULL,NULL,NULL,NULL,NULL,946
Brambleghast,NULL,NULL,4,NULL,NULL,NULL,NULL,NULL,NULL,3,6,3,4,6,2,947
toedscool,NULL,NULL,0,NULL,NULL,NULL,NULL,NULL,NULL,NULL,NULL,NULL,NULL,NULL,NULL,948
Toedscruel,NULL,NULL,7,NULL,NULL,NULL,NULL,NULL,NULL,5,10,5,13,17,4,949
Klawf,NULL,NULL,1,NULL,NULL,NULL,NULL,NULL,NULL,NULL,NULL,NULL,NULL,NULL,NULL,950
Capsakid,NULL,NULL,0,NULL,NULL,NULL,NULL,NULL,NULL,NULL,NULL,NULL,NULL,NULL,NULL,951
Scovillain,NULL,NULL,11,NULL,NULL,NULL,NULL,NULL,NULL,-6,4,10,5,11,2,952
Rellor,NULL,NULL,0,NULL,NULL,NULL,NULL,NULL,NULL,NULL,NULL,NULL,NULL,NULL,NULL,953
Rabsca,NULL,NULL,2,NULL,NULL,NULL,NULL,NULL,NULL,0,5,5,1,5,2,954
Flittle,NULL,NULL,0,NULL,NULL,NULL,NULL,NULL,NULL,NULL,NULL,NULL,NULL,NULL,NULL,955
Espathra,NULL,NULL,12,NULL,NULL,NULL,NULL,NULL,NULL,-3,1,4,2,2,1,956
Tinkatink,NULL,NULL,0,NULL,NULL,NULL,NULL,NULL,NULL,0,0,0,0,0,1,957
tinkatuff,NULL,NULL,0,NULL,NULL,NULL,NULL,NULL,NULL,NULL,NULL,NULL,NULL,NULL,NULL,958
Tinkaton,NULL,NULL,0,NULL,NULL,NULL,NULL,NULL,NULL,-8,4,12,2,13,3,959
wiglett,NULL,NULL,0,NULL,NULL,NULL,NULL,NULL,NULL,NULL,NULL,NULL,NULL,NULL,NULL,960
Wugtrio,NULL,NULL,1,NULL,NULL,NULL,NULL,NULL,NULL,NULL,NULL,NULL,NULL,NULL,NULL,961
Bombirdier,NULL,NULL,3,NULL,NULL,NULL,NULL,NULL,NULL,-2,2,4,1,4,1,962
Finizen,NULL,NULL,0,NULL,NULL,NULL,NULL,NULL,NULL,NULL,NULL,NULL,NULL,NULL,NULL,963
Palafin,NULL,NULL,16,NULL,NULL,NULL,NULL,NULL,NULL,3,4,1,2,3,1,964
varoom,NULL,NULL,0,NULL,NULL,NULL,NULL,NULL,NULL,NULL,NULL,NULL,NULL,NULL,NULL,965
Revavroom,NULL,NULL,3,NULL,NULL,NULL,NULL,NULL,NULL,3,5,2,6,7,1,966
Cyclizar,NULL,NULL,10,NULL,NULL,NULL,NULL,NULL,NULL,NULL,NULL,NULL,NULL,NULL,NULL,967
Orthworm,NULL,NULL,6,NULL,NULL,NULL,NULL,NULL,NULL,2,20,18,14,28,3,968
Glimmet,NULL,NULL,0,NULL,NULL,NULL,NULL,NULL,NULL,NULL,NULL,NULL,NULL,NULL,NULL,969
Glimmora,NULL,NULL,15,NULL,NULL,NULL,NULL,NULL,NULL,NULL,NULL,NULL,NULL,NULL,NULL,970
Greavard,NULL,NULL,0,NULL,NULL,NULL,NULL,NULL,NULL,0,0,0,0,0,1,971
Houndstone,NULL,NULL,13,NULL,NULL,NULL,NULL,NULL,NULL,1,10,9,7,11,1,972
Flamigo,NULL,NULL,8,NULL,NULL,NULL,NULL,NULL,NULL,9,13,4,4,7,1,973
Cetoddle,NULL,NULL,0,NULL,NULL,NULL,NULL,NULL,NULL,NULL,NULL,NULL,NULL,NULL,NULL,974
Cetitan,NULL,NULL,9,NULL,NULL,NULL,NULL,NULL,NULL,18,23,5,4,7,2,975
Veluza,NULL,NULL,2,NULL,NULL,NULL,NULL,NULL,NULL,-3,2,5,1,4,1,976
Dondozo,NULL,NULL,3,NULL,NULL,NULL,NULL,NULL,NULL,0,5,5,2,5,1,977
Tatsugiri,NULL,NULL,7,NULL,NULL,NULL,NULL,NULL,NULL,-3,2,5,2,5,1,978
Annihilape,NULL,NULL,11,NULL,NULL,NULL,NULL,NULL,NULL,-3,1,4,2,4,1,979
Clodsire,NULL,NULL,2,NULL,NULL,NULL,NULL,NULL,NULL,1,1,0,0,0,1,980
Farigiraf,NULL,NULL,15,NULL,NULL,NULL,NULL,NULL,NULL,-8,10,18,7,21,5,981
Dudunsparce,NULL,NULL,7,NULL,NULL,NULL,NULL,NULL,NULL,NULL,NULL,NULL,NULL,NULL,NULL,982
Kingambit,NULL,NULL,18,NULL,NULL,NULL,NULL,NULL,NULL,5,19,14,4,17,4,983
"Great Tusk",NULL,NULL,16,NULL,NULL,NULL,NULL,NULL,NULL,8,17,9,8,16,3,984
"Scream Tail",NULL,NULL,12,NULL,NULL,NULL,NULL,NULL,NULL,1,3,2,0,2,1,985
"Brute Bonnet",NULL,NULL,11,NULL,NULL,NULL,NULL,NULL,NULL,-8,2,10,2,10,1,986
"Flutter Mane",NULL,NULL,20,NULL,NULL,NULL,NULL,NULL,NULL,8,13,5,5,9,2,987
"Slither Wing",NULL,NULL,8,NULL,NULL,NULL,NULL,NULL,NULL,5,8,3,8,8,2,988
"Sandy Shocks",NULL,NULL,12,NULL,NULL,NULL,NULL,NULL,NULL,3,10,7,8,10,2,989
"Iron Treads",NULL,NULL,13,NULL,NULL,NULL,NULL,NULL,NULL,-2,2,4,3,5,2,990
"Iron Bundle",NULL,NULL,17,NULL,NULL,NULL,NULL,NULL,NULL,14,19,5,8,11,2,991
"Iron Hands",NULL,NULL,20,NULL,NULL,NULL,NULL,NULL,NULL,7,14,7,2,4,1,992
"Iron Jugulis",NULL,NULL,12,NULL,NULL,NULL,NULL,NULL,NULL,NULL,NULL,NULL,NULL,NULL,NULL,993
"Iron Moth",NULL,NULL,13,NULL,NULL,NULL,NULL,NULL,NULL,-2,5,7,8,17,3,994
"Iron Thorns",NULL,NULL,6,NULL,NULL,NULL,NULL,NULL,NULL,4,5,1,4,3,1,995
Frigibax,NULL,NULL,0,NULL,NULL,NULL,NULL,NULL,NULL,0,0,0,0,0,1,996
Arctibax,NULL,NULL,0,NULL,NULL,NULL,NULL,NULL,NULL,NULL,NULL,NULL,NULL,NULL,NULL,997
Baxcalibur,NULL,NULL,14,NULL,NULL,NULL,NULL,NULL,NULL,NULL,NULL,NULL,NULL,NULL,NULL,998
Gimmighoul,NULL,NULL,0,NULL,NULL,NULL,NULL,NULL,NULL,-1,0,1,0,1,1,999
Gholdengo,NULL,NULL,17,NULL,NULL,NULL,NULL,NULL,NULL,NULL,NULL,NULL,NULL,NULL,NULL,1000
Wo-Chien,NULL,NULL,11,NULL,NULL,NULL,NULL,NULL,NULL,2,3,1,2,5,1,1001
Chien-Pao,NULL,NULL,20,NULL,NULL,NULL,NULL,NULL,NULL,-6,6,12,2,11,3,1002
"Ting Lu",NULL,NULL,18,NULL,NULL,NULL,NULL,NULL,NULL,0,0,0,0,0,1,1003
Chi-Yu,NULL,NULL,20,NULL,NULL,NULL,NULL,NULL,NULL,-2,1,3,0,4,2,1004
"Roaring Moon",NULL,NULL,19,NULL,NULL,NULL,NULL,NULL,NULL,2,5,3,2,6,2,1005
"Iron Valiant",NULL,NULL,15,NULL,NULL,NULL,NULL,NULL,NULL,NULL,NULL,NULL,NULL,NULL,NULL,1006
Koraidon,NULL,NULL,21,NULL,NULL,NULL,NULL,NULL,NULL,0,0,0,0,0,1,1007
Miraidon,NULL,NULL,21,NULL,NULL,NULL,NULL,NULL,NULL,-1,0,1,0,0,2,1008
"Walking Wake",NULL,NULL,20,NULL,NULL,NULL,NULL,NULL,NULL,4,9,5,2,6,2,1009
"Iron Leaves",NULL,NULL,13,NULL,NULL,NULL,NULL,NULL,NULL,NULL,NULL,NULL,NULL,NULL,NULL,1010
Dipplin,NULL,NULL,4,NULL,NULL,NULL,NULL,NULL,NULL,-2,1,3,2,4,1,1011
Poltchageist,NULL,NULL,0,NULL,NULL,NULL,NULL,NULL,NULL,NULL,NULL,NULL,NULL,NULL,NULL,1012
Sinistcha,NULL,NULL,16,NULL,NULL,NULL,NULL,NULL,NULL,2,10,8,4,10,2,1013
Okidogi,NULL,NULL,12,NULL,NULL,NULL,NULL,NULL,NULL,NULL,NULL,NULL,NULL,NULL,NULL,1014
Munkidori,NULL,NULL,14,NULL,NULL,NULL,NULL,NULL,NULL,NULL,NULL,NULL,NULL,NULL,NULL,1015
Fezandipiti,NULL,NULL,8,NULL,NULL,NULL,NULL,NULL,NULL,2,3,1,2,2,1,1016
Ogerpon,NULL,NULL,18,NULL,NULL,NULL,NULL,NULL,NULL,8,20,12,8,18,3,1017
Archaludon,NULL,NULL,18,NULL,NULL,NULL,NULL,NULL,NULL,NULL,NULL,NULL,NULL,NULL,NULL,1018
Hydrapple,NULL,NULL,0,NULL,NULL,NULL,NULL,NULL,NULL,NULL,NULL,NULL,NULL,NULL,NULL,1019
"Gouging Fire",NULL,NULL,16,NULL,NULL,NULL,NULL,NULL,NULL,NULL,NULL,NULL,NULL,NULL,NULL,1020
"Raging Bolt",NULL,NULL,19,NULL,NULL,NULL,NULL,NULL,NULL,-1,5,6,3,6,1,1021
"Iron Boulder",NULL,NULL,18,NULL,NULL,NULL,NULL,NULL,NULL,NULL,NULL,NULL,NULL,NULL,NULL,1022
"Iron Crown",NULL,NULL,13,NULL,NULL,NULL,NULL,NULL,NULL,6,14,8,6,9,1,1023
Terapagos,NULL,NULL,16,NULL,NULL,NULL,NULL,NULL,NULL,NULL,NULL,NULL,NULL,NULL,NULL,1024
Pecharunt,NULL,NULL,14,NULL,NULL,NULL,NULL,NULL,NULL,0,0,0,0,0,1,1025
Wormadam-Sandy,NULL,NULL,1,NULL,NULL,NULL,NULL,NULL,NULL,0,0,0,0,0,1,10004
Wormadam-Trash,NULL,NULL,1,NULL,NULL,NULL,NULL,NULL,NULL,NULL,NULL,NULL,NULL,NULL,NULL,10005
Shaymin-Sky,NULL,NULL,15,NULL,NULL,NULL,NULL,NULL,NULL,9,14,5,6,11,1,10006
Rotom-Wash,NULL,NULL,11,NULL,NULL,NULL,NULL,NULL,NULL,-3,4,7,10,14,2,10009
Darmanitan-Galar,NULL,NULL,12,NULL,NULL,NULL,NULL,NULL,NULL,22,26,4,19,20,2,10017
Meowstic-F,NULL,NULL,2,NULL,NULL,NULL,NULL,NULL,NULL,NULL,NULL,NULL,NULL,NULL,NULL,10025
pumpkaboo-small,NULL,NULL,0,NULL,NULL,NULL,NULL,NULL,NULL,NULL,NULL,NULL,NULL,NULL,NULL,10027
pumpkaboo-large,NULL,NULL,0,NULL,NULL,NULL,NULL,NULL,NULL,NULL,NULL,NULL,NULL,NULL,NULL,10028
pumpkaboo-super,NULL,NULL,0,NULL,NULL,NULL,NULL,NULL,NULL,NULL,NULL,NULL,NULL,NULL,NULL,10029
Gourgeist-Small,NULL,NULL,3,NULL,NULL,NULL,NULL,NULL,NULL,NULL,NULL,NULL,NULL,NULL,NULL,10030
Gourgeist-Large,NULL,NULL,3,NULL,NULL,NULL,NULL,NULL,NULL,NULL,NULL,NULL,NULL,NULL,NULL,10031
Gourgeist-Super,NULL,NULL,4,NULL,NULL,NULL,NULL,NULL,NULL,NULL,NULL,NULL,NULL,NULL,NULL,10032
Floette-Eternal,NULL,NULL,10,NULL,NULL,NULL,NULL,NULL,NULL,5,12,7,6,9,1,10061
Hoopa-Unbound,NULL,NULL,15,NULL,NULL,NULL,NULL,NULL,NULL,7,9,2,4,4,1,10086
Raichu-Alola,NULL,NULL,8,NULL,NULL,NULL,NULL,NULL,NULL,NULL,NULL,NULL,NULL,NULL,NULL,10100
Sandslash-Alola,NULL,NULL,2,NULL,NULL,NULL,NULL,NULL,NULL,NULL,NULL,NULL,NULL,NULL,NULL,10102
Vulpix-Alola,NULL,NULL,1,NULL,NULL,NULL,NULL,NULL,NULL,-2,0,2,2,2,1,10103
Ninetales-Alola,NULL,NULL,15,NULL,NULL,NULL,NULL,NULL,NULL,-11,4,15,8,15,3,10104
Dugtrio-Alola,NULL,NULL,3,NULL,NULL,NULL,NULL,NULL,NULL,NULL,NULL,NULL,NULL,NULL,NULL,10106
Persian-Alola,NULL,NULL,9,NULL,NULL,NULL,NULL,NULL,NULL,NULL,NULL,NULL,NULL,NULL,NULL,10108
Golem-Alola,NULL,NULL,2,NULL,NULL,NULL,NULL,NULL,NULL,-5,0,5,1,5,1,10111
Muk-Alola,NULL,NULL,12,NULL,NULL,NULL,NULL,NULL,NULL,-1,6,7,4,9,1,10113
Exeggutor-Alola,NULL,NULL,4,NULL,NULL,NULL,NULL,NULL,NULL,NULL,NULL,NULL,NULL,NULL,NULL,10114
Marowak-Alola,NULL,NULL,7,NULL,NULL,NULL,NULL,NULL,NULL,NULL,NULL,NULL,NULL,NULL,NULL,10115
Oricorio-Pa'u,NULL,NULL,2,NULL,NULL,NULL,NULL,NULL,NULL,NULL,NULL,NULL,NULL,NULL,NULL,10123
Oricorio-pompom,NULL,NULL,3,NULL,NULL,NULL,NULL,NULL,NULL,-1,3,4,3,8,1,10124
Oricorio-Sensu,NULL,NULL,2,NULL,NULL,NULL,NULL,NULL,NULL,NULL,NULL,NULL,NULL,NULL,NULL,10125
Lycanroc-Midnight,NULL,NULL,2,NULL,NULL,NULL,NULL,NULL,NULL,NULL,NULL,NULL,NULL,NULL,NULL,10126
Lycanroc-dusk,NULL,NULL,0,NULL,NULL,NULL,NULL,NULL,NULL,NULL,NULL,NULL,NULL,NULL,NULL,10152
Rapidash-Galar,NULL,NULL,3,NULL,NULL,NULL,NULL,NULL,NULL,NULL,NULL,NULL,NULL,NULL,NULL,10163
Slowbro-Galar,NULL,NULL,7,NULL,NULL,NULL,NULL,NULL,NULL,2,3,1,2,2,1,10165
Weezing-Galar,NULL,NULL,7,NULL,NULL,NULL,NULL,NULL,NULL,4,9,5,8,13,1,10167
"Mr. Mime-Galar",NULL,NULL,3,NULL,NULL,NULL,NULL,NULL,NULL,NULL,NULL,NULL,NULL,NULL,NULL,10168
Articuno-Galar,NULL,NULL,8,NULL,NULL,NULL,NULL,NULL,NULL,NULL,NULL,NULL,NULL,NULL,NULL,10169
Zapdos-Galar,NULL,NULL,14,NULL,NULL,NULL,NULL,NULL,NULL,NULL,NULL,NULL,NULL,NULL,NULL,10170
Moltres-Galar,NULL,NULL,12,NULL,NULL,NULL,NULL,NULL,NULL,4,5,1,6,6,1,10171
Slowking-Galar,NULL,NULL,12,NULL,NULL,NULL,NULL,NULL,NULL,NULL,NULL,NULL,NULL,NULL,NULL,10172
Corsola-Galar,NULL,NULL,1,NULL,NULL,NULL,NULL,NULL,NULL,1,3,2,2,2,1,10173
Zygarde-10,NULL,NULL,9,NULL,NULL,NULL,NULL,NULL,NULL,NULL,NULL,NULL,NULL,NULL,NULL,10181
Indeedee-F,NULL,NULL,17,NULL,NULL,NULL,NULL,NULL,NULL,7,18,11,16,19,2,10186
Arcanine-Hisui,NULL,NULL,16,NULL,NULL,NULL,NULL,NULL,NULL,NULL,NULL,NULL,NULL,NULL,NULL,10230
Electrode-Hisui,NULL,NULL,3,NULL,NULL,NULL,NULL,NULL,NULL,NULL,NULL,NULL,NULL,NULL,NULL,10232
Typhlosion-Hisui,NULL,NULL,6,NULL,NULL,NULL,NULL,NULL,NULL,-2,1,3,0,0,1,10233
Qwilfish-Hisui,NULL,NULL,8,NULL,NULL,NULL,NULL,NULL,NULL,NULL,NULL,NULL,NULL,NULL,NULL,10234
Sneasel-Hisui,NULL,NULL,6,NULL,NULL,NULL,NULL,NULL,NULL,1,8,7,6,9,1,10235
Samurott-Hisui,NULL,NULL,11,NULL,NULL,NULL,NULL,NULL,NULL,-6,5,11,4,13,2,10236
Lilligant-Hisui,NULL,NULL,15,NULL,NULL,NULL,NULL,NULL,NULL,0,8,8,1,9,1,10237
Zoroark-Hisui,NULL,NULL,8,NULL,NULL,NULL,NULL,NULL,NULL,0,11,11,4,15,2,10239
Braviary-Hisui,NULL,NULL,6,NULL,NULL,NULL,NULL,NULL,NULL,-1,3,4,2,4,1,10240
Sliggoo-Hisui,NULL,NULL,0,NULL,NULL,NULL,NULL,NULL,NULL,0,0,0,0,0,1,10241
Goodra-Hisui,NULL,NULL,7,NULL,NULL,NULL,NULL,NULL,NULL,0,3,3,2,5,1,10242
Avalugg-Hisui,NULL,NULL,1,NULL,NULL,NULL,NULL,NULL,NULL,0,4,4,5,7,2,10243
Decidueye-Hisui,NULL,NULL,6,NULL,NULL,NULL,NULL,NULL,NULL,3,3,0,6,6,1,10244
"Basculin-White Striped",NULL,NULL,3,NULL,NULL,NULL,NULL,NULL,NULL,NULL,NULL,NULL,NULL,NULL,NULL,10247
Basculegion-F,NULL,NULL,16,NULL,NULL,NULL,NULL,NULL,NULL,NULL,NULL,NULL,NULL,NULL,NULL,10248
"Tauros-Paldea Combat",NULL,NULL,6,NULL,NULL,NULL,NULL,NULL,NULL,NULL,NULL,NULL,NULL,NULL,NULL,10250
"Tauros-Paldea Blaze",NULL,NULL,10,NULL,NULL,NULL,NULL,NULL,NULL,4,6,2,2,4,3,10251
"Tauros-Paldea Aqua",NULL,NULL,10,NULL,NULL,NULL,NULL,NULL,NULL,0,3,3,1,3,1,10252
Oinkologne-F,NULL,NULL,1,NULL,NULL,NULL,NULL,NULL,NULL,NULL,NULL,NULL,NULL,NULL,NULL,10254
Ursaluna-Bloodmoon,NULL,NULL,20,NULL,NULL,NULL,NULL,NULL,NULL,-3,2,5,2,5,1,10272
